Stop,Line,Arrival,Arrival_predicted,Departure
Basel SBB,IR36,2022-05-30T07:48:00,,
Basel SBB,IR36,,,2022-05-30T06:11:00
Basel SBB,IR36,2022-05-30T08:50:00,2022-05-30T08:55:22,
Basel SBB,IR36,,,2022-05-30T07:11:00
Basel SBB,IR36,2022-05-30T11:48:00,,
Basel SBB,IR36,,,
Basel SBB,IR36,2022-05-30T19:48:00,,
Basel SBB,IR36,2022-05-30T21:48:00,,
Basel SBB,IR36,,,2022-05-30T20:11:00
Basel SBB,IR36,2022-05-31T00:48:00,,
Basel SBB,IR36,,,2022-05-30T23:11:00
Basel SBB,ICE,,,2022-05-30T07:13:00
Basel SBB,ICE,,,2022-05-30T19:13:00
Basel SBB,ICE,,,2022-05-30T08:02:00
Bern,EC,2022-05-30T12:52:00,2022-05-30T12:53:01,2022-05-30T13:04:00
Basel SBB,EC,2022-05-30T11:35:00,2022-05-30T11:34:10,
Basel SBB,EC,,,2022-05-30T06:25:00
Bern,EC,2022-05-30T07:26:00,2022-05-30T07:28:40,2022-05-30T07:34:00
Bern,EC,2022-05-30T11:26:00,2022-05-30T11:25:55,2022-05-30T11:34:00
Bern,EC,,2022-05-30T13:25:21,2022-05-30T13:34:00
Basel SBB,IC61,2022-05-30T08:35:00,2022-05-30T08:40:37,
Bern,IC61,2022-05-30T10:26:00,2022-05-30T10:26:41,2022-05-30T10:34:00
Bern,IC61,2022-05-30T11:24:00,2022-05-30T11:24:49,2022-05-30T11:36:00
Basel SBB,IC61,,,2022-05-30T13:25:00
Bern,IC6,2022-05-30T16:24:00,2022-05-30T16:26:07,2022-05-30T16:36:00
Bern,IC61,2022-05-30T16:26:00,2022-05-30T16:25:57,2022-05-30T16:34:00
Basel SBB,IC61,,,2022-05-30T18:25:00
Basel SBB,IC6,,,2022-05-30T20:25:00
Bern,IC6,2022-05-30T22:26:00,2022-05-30T22:25:19,
Bern,IC61,2022-05-30T23:26:00,2022-05-30T23:29:51,2022-05-30T23:39:00
Basel SBB,TGV,2022-05-30T08:30:00,2022-05-30T08:37:00,
Basel SBB,TGV,,,2022-05-30T15:30:00
Basel SBB,TGV,2022-05-30T18:30:00,2022-05-30T18:31:32,
Bern,ICE,,2022-05-30T10:53:59,2022-05-30T11:04:00
Basel SBB,ICE,2022-05-30T12:02:00,2022-05-30T12:02:03,
Basel SBB,IC6,2022-05-30T23:38:00,2022-05-30T23:36:37,
Basel SBB,IC3,,,2022-05-30T06:30:00
Basel SBB,IC61,,,2022-05-30T05:22:00
Basel SBB,IC3,,,2022-05-30T17:30:00
Basel SBB,IC3,2022-05-30T21:30:00,2022-05-30T21:30:13,
Bern,IC61,2022-05-30T11:24:00,,2022-05-30T11:36:00
Bern,IC6,2022-05-30T12:24:00,,2022-05-30T12:36:00
Basel SBB,IC21,,2022-05-30T23:02:02,
Basel SBB,IC21,2022-05-31T01:02:00,2022-05-31T01:12:25,
Bern,IC61,,,2022-05-30T15:36:00
Bern,IC6,2022-05-30T15:26:00,,2022-05-30T15:34:00
Basel SBB,IC3,,,2022-05-30T10:02:00
Basel SBB,IC61,2022-05-30T18:32:00,,
Bern,IC6,2022-05-30T20:24:00,,2022-05-30T20:36:00
Basel SBB,IC6,,,2022-05-30T19:28:00
Basel SBB,ICE,2022-05-30T18:47:00,2022-05-30T19:07:25,
Bern,IC6,,,2022-05-30T22:34:00
Basel SBB,IC61,2022-05-30T07:02:00,2022-05-30T07:05:31,
Basel SBB,IC61,,,2022-05-30T05:55:00
Bern,IC61,2022-05-30T07:56:00,2022-05-30T07:55:46,
Basel SBB,IC6,2022-05-31T00:37:00,,
Bern,IC61,,,2022-05-30T08:04:00
Basel SBB,IC61,,,2022-05-30T08:55:00
Bern,IC61,2022-05-30T09:52:00,2022-05-30T09:54:17,2022-05-30T10:04:00
Basel SBB,IC61,2022-05-30T11:02:00,2022-05-30T11:04:11,
Basel SBB,IC61,,,2022-05-30T12:55:00
Basel SBB,IC61,,,2022-05-30T14:55:00
Bern,IC61,2022-05-30T16:56:00,2022-05-30T16:56:11,2022-05-30T17:04:00
Bern,IC61,2022-05-30T16:52:00,2022-05-30T16:53:27,2022-05-30T17:04:00
Basel SBB,IC61,,,2022-05-30T18:55:00
Basel SBB,IC61,2022-05-30T21:02:00,2022-05-30T21:04:03,
Bern,IC61,2022-05-30T22:56:00,2022-05-30T22:58:22,2022-05-30T23:08:00
Basel SBB,IC3,2022-05-30T21:53:00,,
Bern,IC,2022-05-30T07:50:00,2022-05-30T07:49:57,
Basel SBB,S1,,,2022-05-30T11:19:00
Basel SBB,S1,,,2022-05-30T12:19:00
Basel SBB,S1,,,2022-05-30T14:19:00
Basel SBB,S1,,,2022-05-30T21:19:00
Bern,IC,,,2022-05-30T17:10:00
Lausanne,IC5,2022-05-30T09:45:00,2022-05-30T09:45:11,
Lausanne,IC5,2022-05-30T14:45:00,2022-05-30T14:49:21,
Lausanne,IC5,,,2022-05-30T11:15:00
Basel SBB,EC,,,2022-05-30T15:03:00
Lausanne,IC5,,,2022-05-30T18:15:00
Lausanne,IC5,,,2022-05-30T21:15:00
Lausanne,IR,2022-05-30T07:22:00,2022-05-30T07:20:26,
Basel SBB,IC51,2022-05-30T06:53:00,2022-05-30T06:56:46,
Basel SBB,IC51,2022-05-30T07:53:00,2022-05-30T07:55:46,
Basel SBB,IC51,2022-05-30T12:53:00,2022-05-30T12:54:36,
Basel SBB,IC51,,,2022-05-30T13:03:00
Basel SBB,IC51,2022-05-30T17:53:00,2022-05-30T17:55:12,
Basel SBB,IC51,,,2022-05-30T20:03:00
Basel SBB,IC51,2022-05-30T21:53:00,2022-05-30T21:53:59,
Basel SBB,IC51,,,2022-05-30T22:03:00
Lausanne,IR,2022-05-30T05:37:00,2022-05-30T05:39:36,2022-05-30T05:48:00
Basel SBB,S,2022-05-30T07:20:00,,
Basel SBB,S,,,2022-05-30T05:45:00
Lausanne,IR90,2022-05-30T09:39:00,2022-05-30T09:38:57,2022-05-30T09:48:00
Basel SBB,S1,2022-05-30T05:41:00,2022-05-30T05:40:03,
Basel SBB,S1,2022-05-30T06:11:00,2022-05-30T06:10:46,
Basel SBB,S1,2022-05-30T07:11:00,2022-05-30T07:11:02,
Basel SBB,S1,,,2022-05-30T10:20:00
Lausanne,IR90,2022-05-30T12:39:00,2022-05-30T12:38:52,2022-05-30T12:48:00
Basel SBB,S1,2022-05-30T23:41:00,2022-05-30T23:38:21,
Lausanne,IR90,2022-05-30T12:12:00,2022-05-30T12:13:11,2022-05-30T12:21:00
Lausanne,IR90,2022-05-30T13:12:00,2022-05-30T13:12:02,2022-05-30T13:21:00
Basel SBB,S1,,,2022-05-30T08:50:00
Basel SBB,S1,2022-05-30T10:11:00,2022-05-30T10:09:37,
Basel SBB,S1,2022-05-30T11:11:00,2022-05-30T11:11:17,
Basel SBB,S1,2022-05-30T14:11:00,2022-05-30T14:10:28,
Basel SBB,S1,2022-05-30T15:11:00,2022-05-30T15:11:42,
Basel SBB,S1,,,2022-05-30T15:50:00
Lausanne,IR90,2022-05-30T16:12:00,2022-05-30T16:12:14,2022-05-30T16:21:00
Basel SBB,S1,2022-05-30T19:11:00,2022-05-30T19:10:39,
Basel SBB,S1,,,2022-05-30T18:50:00
Basel SBB,S1,,,2022-05-30T20:50:00
Basel SBB,S1,2022-05-30T22:11:00,2022-05-30T22:09:07,
Basel SBB,S1,2022-05-31T00:11:00,2022-05-31T00:10:24,
Basel SBB,S3,,,2022-05-30T04:57:00
Basel SBB,S3,2022-05-30T07:23:00,2022-05-30T07:24:18,2022-05-30T07:31:00
Basel SBB,S3,2022-05-30T11:56:00,2022-05-30T11:55:32,2022-05-30T12:06:00
Basel SBB,S3,2022-05-30T12:56:00,2022-05-30T12:56:19,2022-05-30T13:06:00
Basel SBB,S3,2022-05-30T15:23:00,2022-05-30T15:25:07,2022-05-30T15:31:00
Basel SBB,S3,2022-05-30T15:56:00,2022-05-30T15:55:28,2022-05-30T16:06:00
Basel SBB,S3,2022-05-30T18:27:00,2022-05-30T18:29:19,2022-05-30T18:37:00
Basel SBB,S3,2022-05-30T18:23:00,2022-05-30T18:24:34,2022-05-30T18:31:00
Basel SBB,S3,2022-05-30T18:56:00,2022-05-30T18:57:30,2022-05-30T19:06:00
Basel SBB,S3,2022-05-30T19:50:00,2022-05-30T19:51:35,2022-05-30T20:01:00
Basel SBB,S3,2022-05-30T20:27:00,2022-05-30T20:25:32,2022-05-30T20:37:00
Basel SBB,S3,2022-05-30T21:27:00,2022-05-30T21:27:21,2022-05-30T21:37:00
Basel SBB,S3,2022-05-30T22:27:00,2022-05-30T22:26:33,2022-05-30T22:37:00
Basel SBB,S3,2022-05-30T23:23:00,2022-05-30T23:22:43,2022-05-30T23:31:00
Basel SBB,S3,2022-05-30T23:56:00,,2022-05-31T00:06:00
Basel SBB,S3,2022-05-30T23:50:00,,2022-05-31T00:01:00
Lausanne,IR,2022-05-30T06:10:00,2022-05-30T06:08:34,2022-05-30T06:13:00
Lausanne,IR90,2022-05-30T10:47:00,2022-05-30T10:48:04,2022-05-30T10:50:00
Lausanne,IR90,2022-05-30T14:47:00,2022-05-30T14:47:22,2022-05-30T14:50:00
Lausanne,IR90,2022-05-30T18:10:00,2022-05-30T18:10:26,2022-05-30T18:13:00
Lausanne,IR90,2022-05-30T21:10:00,2022-05-30T21:10:15,2022-05-30T21:13:00
Lausanne,IR90,2022-05-30T20:47:00,2022-05-30T20:47:45,2022-05-30T20:50:00
Lausanne,RE,,,2022-05-30T05:21:00
Lausanne,IR,2022-05-30T23:41:00,2022-05-30T23:45:50,2022-05-30T23:44:00
Lausanne,RE,2022-05-30T08:19:00,2022-05-30T08:18:04,2022-05-30T08:21:00
Lausanne,RE,2022-05-30T08:38:00,2022-05-30T08:38:56,2022-05-30T08:41:00
Lausanne,RE,2022-05-30T11:38:00,2022-05-30T11:38:19,2022-05-30T11:41:00
Lausanne,RE,2022-05-30T12:38:00,2022-05-30T12:37:05,2022-05-30T12:41:00
Lausanne,S2,2022-05-30T09:59:00,2022-05-30T09:59:07,2022-05-30T10:01:00
Lausanne,S2,2022-05-30T11:59:00,2022-05-30T11:58:45,2022-05-30T12:01:00
Lausanne,S2,2022-05-30T13:59:00,2022-05-30T13:58:45,2022-05-30T14:01:00
Lausanne,S2,2022-05-30T22:59:00,2022-05-30T22:58:10,
Lausanne,S3,,,2022-05-30T06:26:00
Lausanne,S3,2022-05-30T09:32:00,2022-05-30T09:32:34,
Lausanne,S3,2022-05-30T10:32:00,2022-05-30T10:31:15,
Lausanne,S3,,,2022-05-30T10:26:00
Lausanne,S3,2022-05-30T13:32:00,2022-05-30T13:32:08,
Lausanne,S3,2022-05-30T14:32:00,2022-05-30T14:31:28,
Lausanne,S3,,,2022-05-30T20:26:00
Lausanne,S4,2022-05-30T07:02:00,2022-05-30T06:59:44,2022-05-30T07:04:00
Lausanne,S4,2022-05-30T08:55:00,2022-05-30T09:00:36,2022-05-30T08:58:00
Lausanne,S4,2022-05-30T10:55:00,2022-05-30T10:55:06,2022-05-30T10:58:00
Lausanne,S4,2022-05-30T11:55:00,2022-05-30T11:56:14,2022-05-30T11:58:00
Lausanne,S4,2022-05-30T12:55:00,2022-05-30T12:55:47,2022-05-30T12:58:00
Lausanne,S4,2022-05-30T15:55:00,2022-05-30T15:58:52,2022-05-30T15:58:00
Lausanne,S4,2022-05-30T19:55:00,2022-05-30T19:54:36,2022-05-30T19:58:00
Lausanne,S5,2022-05-30T05:34:00,2022-05-30T05:36:38,
Lausanne,S5,2022-05-30T10:28:00,2022-05-30T10:26:23,2022-05-30T10:30:00
Lausanne,S5,2022-05-30T13:28:00,2022-05-30T13:27:56,2022-05-30T13:30:00
Lausanne,S5,2022-05-30T16:28:00,2022-05-30T16:27:15,2022-05-30T16:30:00
Lausanne,S5,2022-05-30T19:28:00,2022-05-30T19:28:12,2022-05-30T19:30:00
Lausanne,S5,2022-05-30T21:28:00,2022-05-30T21:27:23,2022-05-30T21:30:00
Lausanne,S5,2022-05-30T22:28:00,2022-05-30T22:27:15,2022-05-30T22:30:00
Basel SBB,IR27,,,2022-05-30T06:16:00
Lausanne,S5,2022-05-30T23:28:00,2022-05-30T23:29:03,2022-05-30T23:30:00
Lausanne,S5,2022-05-31T00:22:00,2022-05-31T00:24:42,
Lausanne,S6,2022-05-30T07:27:00,2022-05-30T07:28:00,
Basel SBB,IR27,,,2022-05-30T09:16:00
Lausanne,S6,,,2022-05-30T16:33:00
Lausanne,S6,,,2022-05-30T18:33:00
Lausanne,S6,2022-05-30T19:27:00,2022-05-30T19:26:37,
Lausanne,S6,,,2022-05-30T19:33:00
Lausanne,S6,2022-05-30T22:27:00,2022-05-30T22:26:30,
Lausanne,S6,2022-05-30T23:27:00,2022-05-30T23:25:49,
Lausanne,S6,2022-05-31T00:30:00,2022-05-31T00:29:52,
Basel SBB,IR27,,,2022-05-30T12:16:00
Basel SBB,IR27,2022-05-30T17:45:00,,
Basel SBB,IR27,,,2022-05-30T16:16:00
Basel SBB,IR27,2022-05-30T19:45:00,,
Basel SBB,IR27,,,2022-05-30T20:16:00
Lausanne,S9,,,2022-05-30T05:13:00
Lausanne,S9,,,2022-05-30T07:13:00
Lausanne,S9,,,2022-05-30T09:13:00
Lausanne,S9,2022-05-30T10:48:00,2022-05-30T10:47:39,
Lausanne,S9,,,2022-05-30T11:13:00
Lausanne,S9,2022-05-30T12:48:00,2022-05-30T12:48:31,
Lausanne,S9,,,2022-05-30T15:13:00
Lausanne,S9,,,2022-05-30T18:13:00
Lausanne,S9,2022-05-30T18:48:00,2022-05-30T18:47:30,
Lausanne,S9,,,2022-05-30T21:13:00
Lausanne,S9,2022-05-31T00:48:00,2022-05-31T00:47:35,
Bern,IR,,,2022-05-31T00:08:00
Bern,IR15,,,2022-05-30T05:04:00
Bern,IR15,2022-05-30T06:56:00,2022-05-30T06:55:38,2022-05-30T07:00:00
Bern,IR15,,2022-05-30T08:59:22,2022-05-30T09:00:00
Lausanne,IR15,2022-05-30T12:16:00,2022-05-30T12:15:27,2022-05-30T12:19:00
Lausanne,IR15,2022-05-30T14:16:00,2022-05-30T14:16:06,2022-05-30T14:19:00
Lausanne,IR15,2022-05-30T15:16:00,2022-05-30T15:16:54,2022-05-30T15:19:00
Lausanne,IR15,2022-05-30T13:41:00,2022-05-30T13:39:36,2022-05-30T13:44:00
Lausanne,IR15,,2022-05-30T14:40:25,2022-05-30T14:44:00
Bern,IR15,2022-05-30T20:00:00,2022-05-30T20:02:44,2022-05-30T20:04:00
Lausanne,IR15,2022-05-30T22:16:00,2022-05-30T22:16:34,
Lausanne,IR15,,,2022-05-30T22:44:00
Basel SBB,IC,2022-05-30T22:07:00,2022-05-30T22:06:06,
Basel SBB,ICE,,,2022-05-30T04:03:00
Basel SBB,IR36,2022-05-31T00:50:00,2022-05-31T00:54:31,
Basel SBB,IC6,2022-05-30T13:35:00,2022-05-30T13:41:52,
Basel SBB,S,2022-05-31T00:07:00,2022-05-31T00:07:01,
Basel SBB,IR27,,,2022-05-30T06:14:00
Basel SBB,IR27,2022-05-30T10:47:00,2022-05-30T10:45:45,
Basel SBB,IR27,,,2022-05-30T09:14:00
Basel SBB,IR27,2022-05-30T14:47:00,2022-05-30T14:45:54,
Basel SBB,IR27,2022-05-30T15:47:00,2022-05-30T15:46:46,
Basel SBB,IR27,,,2022-05-30T14:14:00
Basel SBB,IR27,2022-05-30T16:47:00,2022-05-30T16:50:08,
Basel SBB,IR27,,,2022-05-30T15:14:00
Basel SBB,IR27,2022-05-30T17:47:00,2022-05-30T17:46:43,
Basel SBB,IR27,2022-05-30T19:47:00,2022-05-30T19:46:24,
Basel SBB,IR27,2022-05-30T13:47:00,2022-05-30T13:49:04,
Basel SBB,IR27,,,2022-05-30T17:14:00
Basel SBB,IR27,,,2022-05-30T10:14:00
Basel SBB,IR27,,,2022-05-30T19:14:00
Bern,EXT,2022-05-31T00:56:00,2022-05-31T01:02:42,2022-05-31T01:00:00
Bern,ICE,,,2022-05-30T13:04:00
Basel SBB,S3,2022-05-30T23:55:00,2022-05-30T23:54:27,2022-05-31T00:01:00
Basel SBB,IR37,2022-05-30T06:18:00,2022-05-30T06:16:01,
Basel SBB,IR36,2022-05-30T10:49:00,2022-05-30T10:48:19,
Basel SBB,IR36,2022-05-30T17:49:00,2022-05-30T17:49:19,
Basel SBB,IR36,2022-05-30T18:49:00,2022-05-30T18:49:13,
Basel SBB,IR36,2022-05-30T20:49:00,2022-05-30T20:49:32,
Basel SBB,IR36,2022-05-30T21:49:00,2022-05-30T21:48:43,
Basel SBB,IR37,2022-05-30T13:18:00,2022-05-30T13:17:31,
Basel SBB,IR37,,,2022-05-30T13:42:00
Basel SBB,IR37,,,2022-05-30T17:42:00
Basel SBB,IR37,,,2022-05-30T18:42:00
Lausanne,RE,,,2022-05-30T16:55:00
Lausanne,EC,2022-05-30T20:42:00,2022-05-30T20:43:28,2022-05-30T20:45:00
Basel SBB,ICE,,,2022-05-30T10:13:00
Basel SBB,ICE,2022-05-30T17:47:00,2022-05-30T17:50:04,2022-05-30T17:56:00
Basel SBB,ICE,,,2022-05-30T08:13:00
Bern,EC,2022-05-30T07:26:00,,2022-05-30T07:34:00
Basel SBB,EC,2022-05-30T15:32:00,,2022-05-30T15:38:00
Basel SBB,RE,,,2022-05-30T07:37:00
Basel SBB,RB,,2022-05-30T08:02:51,
Basel SBB,IC3,2022-05-30T09:28:00,,
Basel SBB,IC3,,,2022-05-30T07:33:00
Basel SBB,IC3,,,2022-05-30T08:33:00
Basel SBB,IC3,2022-05-30T15:28:00,,
Basel SBB,IC3,2022-05-30T17:28:00,,
Basel SBB,IC3,,,2022-05-30T18:33:00
Basel SBB,IC3,,,2022-05-30T20:33:00
Basel SBB,IC21,,,2022-05-30T05:03:00
Basel SBB,IC21,,,2022-05-30T09:03:00
Basel SBB,IC21,2022-05-30T10:56:00,,
Basel SBB,IC21,2022-05-30T16:56:00,,
Basel SBB,IC21,2022-05-30T23:00:00,,
Bern,EC,2022-05-30T14:56:00,,2022-05-30T15:04:00
Bern,IC1,2022-05-30T06:26:00,2022-05-30T06:26:09,2022-05-30T06:31:00
Bern,IC1,2022-05-30T07:28:00,2022-05-30T07:31:17,2022-05-30T07:34:00
Lausanne,IC1,2022-05-30T08:40:00,2022-05-30T08:40:39,2022-05-30T08:43:00
Bern,IC1,2022-05-30T08:28:00,2022-05-30T08:28:47,2022-05-30T08:34:00
Lausanne,IC1,2022-05-30T15:40:00,2022-05-30T15:40:13,2022-05-30T15:43:00
Bern,IC1,2022-05-30T16:28:00,2022-05-30T16:28:26,2022-05-30T16:34:00
Bern,IC1,2022-05-30T16:26:00,2022-05-30T16:31:15,2022-05-30T16:31:00
Bern,IC1,2022-05-30T17:28:00,2022-05-30T17:32:03,2022-05-30T17:34:00
Lausanne,IC1,2022-05-30T19:40:00,2022-05-30T19:40:27,2022-05-30T19:43:00
Bern,IC1,2022-05-30T20:28:00,2022-05-30T20:28:11,2022-05-30T20:34:00
Bern,IC1,2022-05-30T20:26:00,2022-05-30T20:29:14,2022-05-30T20:31:00
Lausanne,IC1,2022-05-30T22:40:00,2022-05-30T22:40:27,
Basel SBB,IC3,,,2022-05-30T12:06:00
Basel SBB,EC,2022-05-30T11:53:00,,2022-05-30T12:20:00
Bern,IC8,,,2022-05-30T06:07:00
Bern,IC8,2022-05-30T08:58:00,2022-05-30T08:59:20,2022-05-30T09:07:00
Bern,IC8,2022-05-30T09:58:00,2022-05-30T09:59:57,2022-05-30T10:07:00
Bern,IC8,2022-05-30T11:58:00,2022-05-30T11:59:34,2022-05-30T12:07:00
Bern,IC8,2022-05-30T16:54:00,2022-05-30T16:56:31,2022-05-30T17:02:00
Bern,IC8,2022-05-31T01:02:00,2022-05-31T01:09:34,
Lausanne,RE,2022-05-30T13:38:00,2022-05-30T13:37:12,2022-05-30T13:41:00
Lausanne,RE,2022-05-30T15:38:00,2022-05-30T15:41:32,2022-05-30T15:41:00
Lausanne,RE,,,2022-05-30T23:21:00
Lausanne,RE,,,2022-05-30T04:51:00
Lausanne,RE,2022-05-30T09:49:00,2022-05-30T09:47:46,2022-05-30T09:51:00
Lausanne,RE,2022-05-30T11:08:00,2022-05-30T11:09:48,2022-05-30T11:11:00
Lausanne,RE,2022-05-30T21:49:00,2022-05-30T21:48:33,2022-05-30T21:51:00
Basel SBB,IR36,2022-05-30T22:24:00,2022-05-30T22:23:27,
Bern,IR16,2022-05-30T07:24:00,2022-05-30T07:26:24,
Bern,IR16,2022-05-30T11:24:00,2022-05-30T11:23:26,
Bern,IR16,2022-05-30T12:24:00,2022-05-30T12:24:58,
Bern,IR16,,,2022-05-30T15:33:00
Bern,IR16,2022-05-30T21:24:00,2022-05-30T21:23:55,
Basel SBB,IR37,2022-05-30T09:13:00,,
Basel SBB,IR37,,,2022-05-30T06:43:00
Basel SBB,IR37,2022-05-30T12:13:00,,
Basel SBB,IR37,2022-05-30T14:13:00,,
Basel SBB,IR37,2022-05-30T17:13:00,,
Basel SBB,IR37,,,2022-05-30T14:43:00
Basel SBB,IR37,2022-05-30T19:13:00,,
Basel SBB,IR37,,,2022-05-30T16:43:00
Basel SBB,IR37,2022-05-30T21:13:00,,
Basel SBB,TGV,2022-05-30T21:26:00,2022-05-30T21:32:21,2022-05-30T21:33:00
Bern,IC61,,,2022-05-30T06:04:00
Basel SBB,TER,,,2022-05-30T06:08:00
Basel SBB,TER,2022-05-30T05:20:00,2022-05-30T05:21:05,
Basel SBB,TER,2022-05-30T06:20:00,2022-05-30T06:20:20,
Basel SBB,TER,,,2022-05-30T07:08:00
Basel SBB,TER,,,2022-05-30T07:38:00
Basel SBB,TER,2022-05-30T07:50:00,2022-05-30T07:50:36,
Basel SBB,TER,2022-05-30T08:20:00,2022-05-30T08:24:47,
Basel SBB,TER,,,2022-05-30T10:39:00
Basel SBB,TER,,,2022-05-30T12:39:00
Basel SBB,TER,,2022-05-30T11:50:43,
Bern,IR35,2022-05-30T07:21:00,2022-05-30T07:24:56,
Bern,IR35,,,2022-05-30T05:38:00
Bern,IR35,2022-05-30T09:21:00,2022-05-30T09:20:24,
Lausanne,S22,2022-05-30T08:35:00,2022-05-30T08:33:50,
Lausanne,S22,2022-05-30T18:35:00,2022-05-30T18:35:03,
Lausanne,S22,,,2022-05-30T18:40:00
Lausanne,S2,2022-05-31T00:58:00,2022-05-31T01:02:56,
Lausanne,S1,,,2022-05-30T04:54:00
Lausanne,S1,,,2022-05-30T08:54:00
Lausanne,S1,2022-05-30T10:05:00,2022-05-30T10:04:02,
Lausanne,S1,2022-05-30T12:05:00,2022-05-30T12:10:39,
Lausanne,S1,,,2022-05-30T12:54:00
Lausanne,S1,2022-05-30T16:05:00,2022-05-30T16:06:35,
Lausanne,S1,,,2022-05-30T15:54:00
Lausanne,S1,2022-05-30T21:05:00,2022-05-30T21:06:43,
Lausanne,S1,,,2022-05-30T21:54:00
Lausanne,S1,,,2022-05-30T23:54:00
Bern,IR35,,,2022-05-30T07:38:00
Bern,IR35,2022-05-30T17:21:00,2022-05-30T17:20:34,
Bern,IR,2022-05-30T22:26:00,2022-05-30T22:26:17,
Lausanne,S1,2022-05-30T06:05:00,2022-05-30T06:04:24,
Lausanne,S1,2022-05-30T08:05:00,2022-05-30T08:04:22,
Lausanne,S1,2022-05-30T11:05:00,2022-05-30T11:07:07,
Lausanne,S1,,,2022-05-30T14:54:00
Lausanne,S1,2022-05-30T18:05:00,2022-05-30T18:04:05,
Lausanne,S1,2022-05-30T19:05:00,2022-05-30T19:05:39,
Lausanne,S1,,,2022-05-30T18:54:00
Lausanne,S1,,,2022-05-30T19:54:00
Lausanne,S1,2022-05-30T23:05:00,2022-05-30T23:03:54,
Lausanne,S2,,,2022-05-30T05:01:00
Basel SBB,TER,2022-05-30T16:20:00,2022-05-30T16:20:29,
Basel SBB,TER,2022-05-30T16:50:00,2022-05-30T16:51:33,
Basel SBB,TER,2022-05-30T17:50:00,2022-05-30T17:51:03,
Basel SBB,TER,2022-05-30T11:20:00,2022-05-30T11:20:21,
Basel SBB,TER,,,2022-05-30T05:21:00
Basel SBB,TER,2022-05-30T07:38:00,2022-05-30T07:37:42,
Basel SBB,TER,2022-05-30T09:08:00,2022-05-30T09:17:44,
Basel SBB,TER,,,2022-05-30T07:51:00
Basel SBB,TER,,,2022-05-30T11:21:00
Basel SBB,TER,2022-05-30T16:08:00,2022-05-30T16:09:37,
Basel SBB,TER,,2022-05-30T17:08:23,
Basel SBB,TER,2022-05-30T17:38:00,2022-05-30T17:40:13,
Basel SBB,TER,,,2022-05-30T15:21:00
Basel SBB,TER,2022-05-30T19:08:00,2022-05-30T19:08:41,
Basel SBB,TER,,,2022-05-30T17:51:00
Basel SBB,TER,,,2022-05-30T18:21:00
Basel SBB,TER,,,2022-05-30T19:21:00
Basel SBB,TER,2022-05-30T22:38:00,2022-05-30T22:37:41,
Basel SBB,TER,,,2022-05-30T19:51:00
Basel SBB,TER,,,2022-05-30T12:51:00
Basel SBB,TER,,,2022-05-30T16:21:00
Bern,IC61,2022-05-30T11:56:00,,2022-05-30T12:04:00
Bern,IC61,2022-05-30T13:56:00,,2022-05-30T14:04:00
Basel SBB,IC61,,,2022-05-30T14:56:00
Basel SBB,IC61,,,2022-05-30T15:56:00
Lausanne,TGV,2022-05-30T20:14:00,,
Basel SBB,IC61,2022-05-30T18:01:00,,
Bern,IC61,2022-05-30T17:56:00,,2022-05-30T18:04:00
Basel SBB,IC61,2022-05-30T19:01:00,,
Basel SBB,IC61,2022-05-30T20:01:00,,
Bern,IC61,2022-05-30T19:52:00,,2022-05-30T20:04:00
Basel SBB,IC61,,,2022-05-30T20:56:00
Bern,IC61,2022-05-30T22:52:00,2022-05-30T22:52:44,
Basel SBB,IR36,2022-05-30T08:24:00,2022-05-30T08:22:03,
Basel SBB,IR36,2022-05-30T10:24:00,2022-05-30T10:23:42,
Basel SBB,IR36,,,2022-05-30T09:37:00
Basel SBB,IR36,2022-05-30T12:24:00,2022-05-30T12:23:51,
Basel SBB,IR36,2022-05-30T17:24:00,2022-05-30T17:22:17,
Basel SBB,ICE,2022-05-30T19:57:00,2022-05-30T19:55:51,
Bern,EC,2022-05-30T18:24:00,2022-05-30T18:49:28,2022-05-30T18:36:00
Bern,EC,2022-05-30T21:24:00,2022-05-30T21:25:52,2022-05-30T21:36:00
Basel SBB,EC,,,2022-05-30T17:25:00
Basel SBB,ICE,,,2022-05-30T17:02:00
Basel SBB,ICE,,,2022-05-30T19:02:00
Bern,IC61,2022-05-30T14:26:00,2022-05-30T14:26:18,2022-05-30T14:34:00
Basel SBB,IC61,2022-05-30T16:35:00,2022-05-30T16:34:45,
Basel SBB,IC6,2022-05-30T17:35:00,2022-05-30T17:33:22,
Basel SBB,IC6,,,2022-05-30T16:25:00
Basel SBB,IC6,,,2022-05-30T21:25:00
Basel SBB,TGV,2022-05-30T10:30:00,2022-05-30T10:29:55,
Basel SBB,TGV,,,2022-05-30T13:30:00
Basel SBB,TGV,,,2022-05-30T21:30:00
Basel SBB,IC3,2022-05-30T21:57:00,2022-05-30T21:57:59,
Basel SBB,ICE,2022-05-30T17:57:00,2022-05-30T17:57:19,
Basel SBB,ICE,,,2022-05-30T11:55:00
Bern,ICE,2022-05-30T12:56:00,2022-05-30T13:35:41,2022-05-30T13:04:00
Basel SBB,ICE,2022-05-30T08:02:00,2022-05-30T08:03:58,
Bern,ICE,2022-05-30T15:52:00,2022-05-30T15:53:11,2022-05-30T16:04:00
Basel SBB,IC3,,,2022-05-30T07:30:00
Basel SBB,IC3,2022-05-30T17:30:00,2022-05-30T17:28:58,
Basel SBB,IC3,,,2022-05-30T18:30:00
Basel SBB,IC3,,,2022-05-30T20:30:00
Bern,IC6,2022-05-30T08:24:00,,2022-05-30T08:36:00
Basel SBB,IC6,2022-05-30T09:32:00,,
Bern,IC61,2022-05-30T10:26:00,,2022-05-30T10:34:00
Basel SBB,IC6,2022-05-30T13:32:00,,
Basel SBB,ICE,2022-05-30T16:47:00,2022-05-30T16:57:00,
Basel SBB,IC61,2022-05-30T14:32:00,,
Basel SBB,IC61,,,2022-05-30T13:28:00
Bern,IC61,2022-05-30T14:26:00,,2022-05-30T14:34:00
Basel SBB,IC6,2022-05-30T17:32:00,,
Basel SBB,IC3,2022-05-30T09:57:00,2022-05-30T09:56:52,
Bern,IC61,2022-05-30T16:26:00,,2022-05-30T16:34:00
Basel SBB,IC3,,,2022-05-30T12:02:00
Basel SBB,IC6,,,2022-05-30T16:28:00
Bern,IC61,2022-05-30T19:24:00,,2022-05-30T19:36:00
Basel SBB,IC6,,,2022-05-30T20:28:00
Basel SBB,IC6,,,2022-05-30T21:28:00
Bern,IC61,2022-05-30T06:56:00,2022-05-30T06:56:59,2022-05-30T07:04:00
Bern,IC6,,,2022-05-30T23:36:00
Bern,IC61,2022-05-30T09:56:00,2022-05-30T09:58:07,2022-05-30T10:04:00
Bern,IC61,2022-05-30T10:56:00,2022-05-30T10:56:40,2022-05-30T11:04:00
Basel SBB,IC61,,,2022-05-30T10:55:00
Bern,IC61,2022-05-30T23:26:00,,2022-05-30T23:39:00
Basel SBB,IC61,2022-05-30T15:02:00,2022-05-30T15:01:26,
Basel SBB,IC61,2022-05-30T16:02:00,2022-05-30T16:03:09,
Bern,IC61,2022-05-30T17:52:00,2022-05-30T17:56:59,2022-05-30T18:04:00
Bern,IC61,2022-05-30T21:56:00,2022-05-30T21:59:21,2022-05-30T22:07:00
Basel SBB,S1,,,2022-05-30T06:19:00
Basel SBB,S1,,,2022-05-30T13:19:00
Basel SBB,S1,,,2022-05-30T15:19:00
Basel SBB,S1,,,2022-05-30T19:19:00
Basel SBB,S1,,,2022-05-30T22:19:00
Lausanne,IC5,2022-05-30T07:45:00,2022-05-30T07:44:29,
Lausanne,IC5,,,2022-05-30T10:15:00
Lausanne,IC5,2022-05-30T15:45:00,2022-05-30T15:51:38,
Lausanne,IC5,,,2022-05-30T15:15:00
Lausanne,IC5,2022-05-30T20:45:00,2022-05-30T20:45:06,
Lausanne,IR,2022-05-30T08:22:00,2022-05-30T08:22:00,
Basel SBB,EC,2022-05-30T12:56:00,,
Lausanne,IR,,,2022-05-30T16:40:00
Basel SBB,IC51,2022-05-30T09:53:00,2022-05-30T09:54:25,
Basel SBB,IC51,2022-05-30T11:53:00,2022-05-30T11:53:17,
Basel SBB,IC51,,,2022-05-30T11:03:00
Basel SBB,IC51,2022-05-30T13:53:00,2022-05-30T13:54:15,
Basel SBB,IC51,2022-05-30T14:53:00,2022-05-30T14:53:37,
Basel SBB,IC51,2022-05-30T16:53:00,2022-05-30T16:54:39,
Basel SBB,IC51,,,2022-05-30T17:03:00
Basel SBB,IC51,2022-05-30T18:53:00,2022-05-30T18:55:21,
Basel SBB,IC51,,,2022-05-30T18:03:00
Basel SBB,IC51,,,2022-05-30T19:03:00
Basel SBB,IC51,2022-05-30T20:53:00,2022-05-30T20:54:14,
Basel SBB,IC51,2022-05-30T22:53:00,2022-05-30T22:53:44,
Lausanne,IR,,,2022-05-30T05:07:00
Basel SBB,S,,2022-05-30T07:12:34,
Lausanne,IR90,2022-05-30T07:39:00,2022-05-30T07:38:09,2022-05-30T07:48:00
Basel SBB,S,,,2022-05-30T16:56:00
Basel SBB,S,2022-05-30T18:01:00,2022-05-30T18:02:59,
Basel SBB,S,,,2022-05-30T16:46:00
Basel SBB,S1,,,2022-05-30T04:20:00
Basel SBB,S1,,,2022-05-30T05:20:00
Lausanne,IR90,2022-05-30T10:39:00,2022-05-30T10:38:34,2022-05-30T10:48:00
Basel SBB,S1,2022-05-30T06:41:00,2022-05-30T06:41:09,
Basel SBB,S1,,,2022-05-30T06:20:00
Basel SBB,S1,2022-05-30T11:41:00,2022-05-30T11:38:23,
Basel SBB,S1,2022-05-30T15:41:00,2022-05-30T15:41:27,
Basel SBB,S1,2022-05-30T16:41:00,2022-05-30T16:41:25,
Basel SBB,S1,,,2022-05-30T16:20:00
Basel SBB,S1,,,2022-05-30T18:20:00
Basel SBB,S1,,,2022-05-30T20:20:00
Basel SBB,S1,2022-05-30T22:41:00,2022-05-30T22:38:48,
Lausanne,IR90,2022-05-30T15:39:00,2022-05-30T15:39:31,2022-05-30T15:48:00
Basel SBB,S1,2022-05-30T13:11:00,2022-05-30T13:11:21,
Lausanne,IR90,2022-05-30T15:12:00,2022-05-30T15:13:58,2022-05-30T15:21:00
Basel SBB,S1,,,2022-05-30T14:50:00
Basel SBB,S1,,,2022-05-30T22:50:00
Lausanne,IR90,2022-05-30T17:12:00,2022-05-30T17:12:50,2022-05-30T17:21:00
Basel SBB,S1,,,2022-05-30T23:50:00
Basel SBB,S3,2022-05-30T05:14:00,2022-05-30T05:13:40,2022-05-30T05:31:00
Basel SBB,S3,2022-05-30T05:50:00,2022-05-30T05:50:20,2022-05-30T06:01:00
Basel SBB,S3,2022-05-30T06:56:00,2022-05-30T06:58:50,2022-05-30T07:06:00
Basel SBB,S3,2022-05-30T11:23:00,2022-05-30T11:21:26,2022-05-30T11:31:00
Basel SBB,S3,2022-05-30T12:23:00,2022-05-30T12:22:37,2022-05-30T12:31:00
Basel SBB,S3,2022-05-30T12:50:00,2022-05-30T12:51:56,2022-05-30T13:01:00
Basel SBB,S3,2022-05-30T13:27:00,2022-05-30T13:27:13,2022-05-30T13:37:00
Basel SBB,S3,2022-05-30T13:50:00,2022-05-30T13:51:29,2022-05-30T14:01:00
Basel SBB,S3,2022-05-30T14:23:00,2022-05-30T14:23:15,2022-05-30T14:31:00
Basel SBB,S3,2022-05-30T16:56:00,2022-05-30T16:58:35,2022-05-30T17:06:00
Basel SBB,S3,2022-05-30T17:27:00,2022-05-30T17:28:42,2022-05-30T17:37:00
Basel SBB,S3,2022-05-30T17:23:00,2022-05-30T17:23:54,2022-05-30T17:31:00
Basel SBB,S3,2022-05-30T17:50:00,2022-05-30T17:52:01,2022-05-30T18:01:00
Basel SBB,S3,2022-05-30T19:23:00,2022-05-30T19:22:10,2022-05-30T19:31:00
Basel SBB,S3,2022-05-30T19:56:00,2022-05-30T19:56:06,2022-05-30T20:06:00
Basel SBB,S3,2022-05-30T20:56:00,2022-05-30T20:56:08,2022-05-30T21:06:00
Basel SBB,S3,2022-05-30T21:23:00,2022-05-30T21:23:27,2022-05-30T21:31:00
Basel SBB,S3,2022-05-30T23:27:00,2022-05-30T23:26:02,2022-05-30T23:42:00
Lausanne,IR90,2022-05-30T07:10:00,2022-05-30T07:11:04,2022-05-30T07:13:00
Lausanne,IR90,2022-05-30T07:47:00,2022-05-30T07:47:41,2022-05-30T07:50:00
Lausanne,IR90,2022-05-30T11:10:00,2022-05-30T11:09:18,2022-05-30T11:13:00
Lausanne,IR90,2022-05-30T12:10:00,2022-05-30T12:10:25,2022-05-30T12:13:00
Lausanne,IR90,2022-05-30T11:47:00,2022-05-30T11:46:03,2022-05-30T11:50:00
Lausanne,IR90,2022-05-30T12:47:00,2022-05-30T12:49:52,2022-05-30T12:50:00
Lausanne,IR90,2022-05-30T15:10:00,2022-05-30T15:28:38,2022-05-30T15:13:00
Lausanne,IR90,2022-05-30T17:47:00,2022-05-30T17:46:21,2022-05-30T17:50:00
Lausanne,IR90,2022-05-30T19:47:00,2022-05-30T19:48:42,2022-05-30T19:50:00
Lausanne,IR90,2022-05-30T22:47:00,2022-05-30T22:49:08,2022-05-30T23:00:00
Lausanne,RE,,,2022-05-30T03:51:00
Lausanne,RE,,,2022-05-30T06:21:00
Lausanne,RE,2022-05-30T09:19:00,2022-05-30T09:20:09,2022-05-30T09:21:00
Lausanne,RE,2022-05-30T09:38:00,2022-05-30T09:38:09,2022-05-30T09:41:00
Lausanne,RE,2022-05-30T11:19:00,2022-05-30T11:18:55,2022-05-30T11:21:00
Lausanne,RE,2022-05-30T12:19:00,2022-05-30T12:18:18,2022-05-30T12:21:00
Lausanne,RE,2022-05-30T16:38:00,2022-05-30T16:36:49,2022-05-30T16:41:00
Lausanne,RE,2022-05-30T19:19:00,2022-05-30T19:16:42,2022-05-30T19:21:00
Lausanne,RE,,,2022-05-30T22:21:00
Lausanne,RE,,,2022-05-31T00:25:00
Lausanne,RE,2022-05-30T07:08:00,2022-05-30T07:08:11,2022-05-30T07:11:00
Lausanne,RE,2022-05-30T12:49:00,2022-05-30T12:46:57,2022-05-30T12:51:00
Lausanne,RE,2022-05-30T14:49:00,2022-05-30T14:46:41,2022-05-30T14:51:00
Lausanne,RE,2022-05-30T18:08:00,2022-05-30T18:08:06,2022-05-30T18:11:00
Lausanne,RE,2022-05-30T23:08:00,2022-05-30T23:07:23,
Basel SBB,IR36,2022-05-30T09:50:00,2022-05-30T09:50:40,
Basel SBB,IR36,,,2022-05-30T14:11:00
Basel SBB,IR36,,,2022-05-30T15:11:00
Basel SBB,IR36,,,2022-05-30T18:11:00
Basel SBB,ICE,2022-05-30T20:47:00,2022-05-30T20:49:26,
Basel SBB,ICE,2022-05-30T22:55:00,2022-05-30T22:58:44,
Basel SBB,ICE,2022-05-31T00:59:00,2022-05-31T01:34:26,
Basel SBB,IR36,,,2022-05-30T04:37:00
Basel SBB,IR36,2022-05-30T20:24:00,2022-05-30T20:22:25,
Bern,IR16,2022-05-30T09:24:00,2022-05-30T09:25:46,
Bern,IR16,,,2022-05-30T09:33:00
Bern,IR16,,,2022-05-30T10:33:00
Bern,IR16,2022-05-30T14:24:00,2022-05-30T14:23:44,
Bern,IR16,2022-05-30T15:24:00,2022-05-30T15:22:51,
Bern,IR16,,,2022-05-30T18:33:00
Basel SBB,IR37,2022-05-30T08:13:00,,
Basel SBB,IR37,2022-05-30T13:13:00,,
Basel SBB,IR37,2022-05-30T15:13:00,,
Basel SBB,IR37,2022-05-30T18:13:00,,
Basel SBB,IR37,,,2022-05-30T17:43:00
Basel SBB,IR37,2022-05-30T22:13:00,,
Basel SBB,IR37,2022-05-30T23:13:00,,
Basel SBB,IR37,2022-05-31T00:13:00,,
Lausanne,S2,2022-05-30T05:59:00,2022-05-30T05:58:31,2022-05-30T06:01:00
Lausanne,S2,2022-05-30T16:59:00,2022-05-30T17:01:13,2022-05-30T17:01:00
Lausanne,S2,2022-05-30T17:59:00,2022-05-30T17:58:43,2022-05-30T18:01:00
Lausanne,S2,2022-05-30T21:59:00,2022-05-30T21:58:26,
Lausanne,S2,,,2022-05-31T00:28:00
Lausanne,S3,2022-05-30T07:32:00,2022-05-30T07:33:54,
Lausanne,S3,,,2022-05-30T07:26:00
Lausanne,S3,,,2022-05-30T09:26:00
Lausanne,S3,,,2022-05-30T11:26:00
Lausanne,S3,2022-05-30T15:32:00,2022-05-30T15:31:38,
Lausanne,S3,,,2022-05-30T15:26:00
Lausanne,S3,2022-05-30T16:32:00,2022-05-30T16:31:40,
Lausanne,S3,,,2022-05-30T17:26:00
Lausanne,S3,,,2022-05-30T18:26:00
Lausanne,S3,,,2022-05-30T19:26:00
Lausanne,S3,2022-05-30T21:32:00,2022-05-30T21:31:29,
Lausanne,S3,2022-05-30T22:32:00,2022-05-30T22:35:07,
Lausanne,S4,2022-05-31T01:18:00,2022-05-31T01:17:07,
Lausanne,S4,2022-05-30T06:02:00,2022-05-30T06:01:24,2022-05-30T06:04:00
Lausanne,S4,2022-05-30T06:55:00,2022-05-30T06:56:51,2022-05-30T06:58:00
Lausanne,S4,2022-05-30T11:02:00,2022-05-30T11:04:35,2022-05-30T11:04:00
Lausanne,S4,2022-05-30T13:02:00,2022-05-30T13:00:13,2022-05-30T13:04:00
Lausanne,S4,,2022-05-30T15:01:12,2022-05-30T15:04:00
Lausanne,S4,2022-05-30T16:02:00,2022-05-30T16:04:05,2022-05-30T16:04:00
Lausanne,S4,2022-05-30T18:02:00,2022-05-30T18:00:47,2022-05-30T18:04:00
Lausanne,S4,2022-05-30T19:02:00,2022-05-30T19:00:36,2022-05-30T19:04:00
Lausanne,S5,,2022-05-30T06:28:00,2022-05-30T06:30:00
Lausanne,S5,2022-05-30T07:28:00,2022-05-30T07:29:47,2022-05-30T07:30:00
Lausanne,S5,2022-05-30T08:28:00,2022-05-30T08:28:42,2022-05-30T08:30:00
Lausanne,S5,2022-05-30T09:28:00,2022-05-30T09:29:06,2022-05-30T09:30:00
Lausanne,S5,2022-05-30T10:28:00,2022-05-30T10:30:03,2022-05-30T10:30:00
Basel SBB,IR27,2022-05-30T06:45:00,,
Lausanne,S5,2022-05-30T18:28:00,2022-05-30T18:29:30,2022-05-30T18:30:00
Lausanne,S5,2022-05-30T20:28:00,2022-05-30T20:27:07,2022-05-30T20:30:00
Basel SBB,IR27,2022-05-30T07:45:00,,
Lausanne,S5,2022-05-30T20:28:00,2022-05-30T20:27:56,2022-05-30T20:30:00
Lausanne,S5,2022-05-31T00:42:00,2022-05-31T00:42:01,2022-05-31T00:50:00
Basel SBB,IR27,2022-05-30T08:47:00,,
Lausanne,S6,,,2022-05-30T05:33:00
Lausanne,S6,,,2022-05-30T07:33:00
Lausanne,S6,,,2022-05-30T08:33:00
Basel SBB,IR27,2022-05-30T10:45:00,,
Lausanne,S6,,,2022-05-30T12:33:00
Lausanne,S6,,,2022-05-30T14:33:00
Lausanne,S6,,,2022-05-30T15:33:00
Bern,EC,2022-05-30T10:24:00,2022-05-30T10:25:00,2022-05-30T10:36:00
Lausanne,S6,,,2022-05-30T21:33:00
Basel SBB,EC,,,2022-05-30T10:25:00
Basel SBB,EC,2022-05-30T19:35:00,2022-05-30T20:00:06,
Basel SBB,ICE,2022-05-30T14:57:00,2022-05-30T14:58:13,
Basel SBB,ICE,,,2022-05-30T13:02:00
Basel SBB,ICE,2022-05-30T10:57:00,2022-05-30T10:56:57,
Basel SBB,IR27,,,
Basel SBB,ICE,2022-05-30T08:57:00,2022-05-30T09:07:01,
Basel SBB,ICE,2022-05-30T06:57:00,,
Basel SBB,ICE,2022-05-30T10:47:00,,
Basel SBB,IR27,,,2022-05-30T13:16:00
Bern,IC6,2022-05-30T08:24:00,2022-05-30T08:24:45,2022-05-30T08:36:00
Bern,IC61,2022-05-30T09:24:00,2022-05-30T09:24:59,2022-05-30T09:36:00
Basel SBB,IC6,,,2022-05-30T08:25:00
Basel SBB,IC61,,,2022-05-30T09:25:00
Basel SBB,IR27,2022-05-30T16:45:00,,
Basel SBB,IC61,,,2022-05-30T15:25:00
Bern,IC61,2022-05-30T17:24:00,2022-05-30T17:23:45,2022-05-30T17:36:00
Basel SBB,IC61,2022-05-30T18:35:00,2022-05-30T18:34:10,
Bern,IC61,2022-05-30T19:26:00,2022-05-30T19:26:14,2022-05-30T19:34:00
Basel SBB,IC6,2022-05-30T21:35:00,2022-05-30T21:32:30,
Basel SBB,IC6,,,2022-05-30T19:25:00
Bern,IC6,2022-05-30T21:26:00,2022-05-30T21:25:55,2022-05-30T21:34:00
Basel SBB,IC6,2022-05-31T00:38:00,2022-05-31T00:37:15,
Basel SBB,IC61,,,2022-05-30T22:25:00
Basel SBB,TGV,,,2022-05-30T10:30:00
Basel SBB,IC3,,,2022-05-30T06:02:00
Basel SBB,ICE,,,2022-05-30T17:55:00
Bern,ICE,2022-05-30T18:56:00,2022-05-30T19:04:18,2022-05-30T19:04:00
Bern,ICE,2022-05-30T20:56:00,2022-05-30T20:56:32,2022-05-30T21:07:00
Basel SBB,ICE,,,2022-05-30T15:13:00
Basel SBB,NJ,2022-05-30T20:57:00,2022-05-30T21:01:04,
Basel SBB,ICE,2022-05-30T14:47:00,2022-05-30T14:55:17,
Bern,IC61,2022-05-30T06:24:00,,2022-05-30T06:36:00
Basel SBB,IR27,2022-05-30T20:45:00,,
Basel SBB,IC61,2022-05-30T07:32:00,,
Basel SBB,IC3,2022-05-30T11:30:00,2022-05-30T11:31:35,
Basel SBB,IC61,2022-05-30T08:32:00,,
Basel SBB,IC3,2022-05-30T20:30:00,2022-05-30T20:30:06,
Basel SBB,ICE,,,2022-05-30T13:13:00
Bern,IC6,2022-05-30T09:26:00,,2022-05-30T09:34:00
Bern,IC6,2022-05-30T16:24:00,,2022-05-30T16:36:00
Lausanne,S9,,,2022-05-30T06:13:00
Basel SBB,IC3,2022-05-30T16:57:00,2022-05-30T17:00:06,
Bern,IC6,2022-05-30T17:26:00,,2022-05-30T17:34:00
Basel SBB,IC61,2022-05-30T20:32:00,,
Basel SBB,IC61,,,2022-05-30T18:28:00
Bern,IC61,2022-05-30T19:26:00,,2022-05-30T19:34:00
Basel SBB,IC6,2022-05-30T21:32:00,,
Bern,IC6,2022-05-30T20:26:00,,2022-05-30T20:34:00
Bern,IC6,2022-05-30T21:26:00,,2022-05-30T21:34:00
Lausanne,S9,2022-05-30T07:48:00,2022-05-30T07:47:59,
Bern,IC6,2022-05-30T22:24:00,2022-05-30T22:24:48,
Bern,IC61,2022-05-30T08:56:00,2022-05-30T08:56:37,
Bern,IC61,,,2022-05-30T09:04:00
Basel SBB,IC61,2022-05-30T13:02:00,2022-05-30T13:02:34,
Basel SBB,IC61,,,2022-05-30T22:28:00
Lausanne,S9,2022-05-30T09:48:00,2022-05-30T09:47:06,
Bern,IC61,2022-05-30T13:56:00,2022-05-30T13:56:52,2022-05-30T14:04:00
Basel SBB,ICE,2022-05-30T23:04:00,2022-05-30T23:16:58,
Lausanne,S9,,,2022-05-30T12:13:00
Basel SBB,IC3,,,2022-05-30T07:06:00
Basel SBB,ICE,2022-05-30T08:47:00,2022-05-30T09:14:56,2022-05-30T09:06:00
Bern,IC,2022-05-30T08:50:00,2022-05-30T08:50:38,
Bern,IC,,,2022-05-30T07:10:00
Basel SBB,S1,,,2022-05-30T05:18:00
Basel SBB,S1,,,2022-05-30T09:19:00
Lausanne,S9,2022-05-30T15:48:00,2022-05-30T15:46:06,
Basel SBB,S1,,,2022-05-30T16:19:00
Lausanne,S9,2022-05-30T17:48:00,2022-05-30T17:45:24,
Lausanne,S9,2022-05-30T21:48:00,2022-05-30T21:47:38,
Lausanne,S9,,,2022-05-30T22:13:00
Lausanne,S9,2022-05-30T23:48:00,2022-05-30T23:53:01,
Lausanne,IR15,,,2022-05-30T04:44:00
Lausanne,IR15,,,2022-05-30T05:44:00
Lausanne,IR15,2022-05-30T06:41:00,2022-05-30T06:40:28,2022-05-30T06:44:00
Bern,IR15,2022-05-30T08:00:00,2022-05-30T08:01:25,2022-05-30T08:04:00
Lausanne,IR15,2022-05-30T09:16:00,2022-05-30T09:20:29,2022-05-30T09:19:00
Lausanne,IR15,2022-05-30T07:41:00,2022-05-30T07:41:53,2022-05-30T07:44:00
Lausanne,IR15,2022-05-30T10:41:00,2022-05-30T10:42:25,2022-05-30T10:44:00
Lausanne,IC5,2022-05-30T12:45:00,2022-05-30T12:45:23,
Lausanne,IR15,2022-05-30T11:41:00,2022-05-30T11:40:45,2022-05-30T11:44:00
Bern,IR15,2022-05-30T12:56:00,2022-05-30T12:56:13,2022-05-30T13:00:00
Lausanne,IC5,,,2022-05-30T13:15:00
Bern,IR15,2022-05-30T13:56:00,2022-05-30T13:57:01,2022-05-30T14:00:00
Bern,IR15,2022-05-30T15:00:00,2022-05-30T15:01:16,2022-05-30T15:04:00
Lausanne,IR15,2022-05-30T15:41:00,2022-05-30T15:44:12,2022-05-30T15:44:00
Lausanne,IC5,,,2022-05-30T16:15:00
Lausanne,IR15,2022-05-30T16:41:00,2022-05-30T16:39:44,2022-05-30T16:44:00
Bern,IR15,2022-05-30T17:56:00,2022-05-30T17:59:02,2022-05-30T18:00:00
Lausanne,IC5,2022-05-30T22:45:00,2022-05-30T22:46:20,
Lausanne,IC5,2022-05-30T23:45:00,2022-05-30T23:48:19,
Lausanne,IC,,,2022-05-30T23:15:00
Lausanne,IR15,2022-05-30T18:41:00,2022-05-30T18:41:45,2022-05-30T18:44:00
Bern,IR15,2022-05-30T19:56:00,2022-05-30T19:55:24,2022-05-30T20:00:00
Basel SBB,IC51,,,2022-05-30T09:03:00
Basel SBB,IC51,,,2022-05-30T12:03:00
Bern,IR15,2022-05-30T21:56:00,2022-05-30T21:58:10,2022-05-30T22:00:00
Bern,IR15,2022-05-30T22:00:00,2022-05-30T22:04:05,2022-05-30T22:04:00
Lausanne,IR15,2022-05-30T23:16:00,2022-05-30T23:18:09,
Bern,IR15,2022-05-30T23:00:00,2022-05-30T23:00:08,2022-05-30T23:08:00
Basel SBB,IC51,,,2022-05-30T21:03:00
Lausanne,IR15,,,2022-05-30T23:44:00
Basel SBB,S,,,2022-05-30T17:26:00
Lausanne,IR90,2022-05-30T08:39:00,2022-05-30T08:39:09,2022-05-30T08:48:00
Basel SBB,S,,,2022-05-30T17:14:00
Basel SBB,S1,,,2022-05-30T05:50:00
Basel SBB,S1,2022-05-30T08:41:00,2022-05-30T08:49:28,
Basel SBB,S1,,,2022-05-30T09:20:00
Basel SBB,S1,2022-05-30T10:41:00,2022-05-30T10:42:05,
Lausanne,IR90,2022-05-30T11:39:00,2022-05-30T11:39:06,2022-05-30T11:48:00
Basel SBB,S1,,2022-05-30T13:43:47,
Lausanne,IR90,2022-05-30T10:12:00,2022-05-30T10:11:20,2022-05-30T10:21:00
Basel SBB,S1,2022-05-30T18:41:00,2022-05-30T18:42:00,
Basel SBB,S1,,,2022-05-30T23:20:00
Basel SBB,S1,2022-05-31T00:41:00,2022-05-31T00:40:07,
Lausanne,IR90,2022-05-30T14:39:00,2022-05-30T14:42:38,2022-05-30T14:48:00
Basel SBB,S1,,,2022-05-30T04:59:00
Basel SBB,S1,,,2022-05-30T06:50:00
Basel SBB,S1,,,2022-05-30T13:50:00
Basel SBB,S1,,,2022-05-30T16:50:00
Basel SBB,S1,,,2022-05-30T17:50:00
Basel SBB,S1,2022-05-30T20:11:00,2022-05-30T20:09:56,
Basel SBB,S1,2022-05-30T21:11:00,2022-05-30T21:09:18,
Lausanne,IR90,2022-05-30T18:39:00,2022-05-30T18:45:11,2022-05-30T18:48:00
Basel SBB,S1,,,2022-05-30T21:50:00
Basel SBB,S3,2022-05-30T05:56:00,2022-05-30T05:55:16,2022-05-30T06:06:00
Basel SBB,S3,2022-05-30T06:50:00,2022-05-30T06:53:43,2022-05-30T07:01:00
Basel SBB,S3,2022-05-30T08:27:00,2022-05-30T08:32:45,2022-05-30T08:37:00
Basel SBB,S3,2022-05-30T08:56:00,2022-05-30T08:58:19,2022-05-30T09:06:00
Basel SBB,S3,2022-05-30T09:50:00,2022-05-30T09:51:51,2022-05-30T10:01:00
Basel SBB,S3,,2022-05-30T10:22:30,2022-05-30T10:31:00
Basel SBB,S3,2022-05-30T11:50:00,2022-05-30T11:49:49,2022-05-30T12:01:00
Basel SBB,S3,2022-05-30T13:23:00,2022-05-30T13:23:20,2022-05-30T13:31:00
Basel SBB,S3,2022-05-30T14:27:00,2022-05-30T14:27:23,2022-05-30T14:37:00
Basel SBB,S3,2022-05-30T16:27:00,2022-05-30T16:27:30,2022-05-30T16:37:00
Lausanne,IR90,2022-05-30T22:39:00,2022-05-30T22:38:57,
Basel SBB,ICE,,,2022-05-30T16:13:00
Basel SBB,ICE,2022-05-30T11:47:00,2022-05-30T12:22:30,2022-05-30T11:56:00
Basel SBB,ICE,2022-05-30T12:01:00,,2022-05-30T12:13:00
Lausanne,IR90,2022-05-30T21:12:00,2022-05-30T21:11:39,2022-05-30T21:21:00
Basel SBB,IR,,,2022-05-30T22:56:00
Basel SBB,IR27,2022-05-30T21:47:00,2022-05-30T21:45:54,
Basel SBB,S3,2022-05-30T20:50:00,2022-05-30T20:50:42,2022-05-30T21:01:00
Basel SBB,IR27,,,2022-05-30T16:14:00
Basel SBB,S3,2022-05-31T01:01:00,2022-05-31T01:00:17,
Basel SBB,IC51,2022-05-30T23:58:00,2022-05-30T23:58:46,
Basel SBB,S3,,2022-05-30T22:55:55,2022-05-30T23:06:00
Basel SBB,S,2022-05-30T07:17:00,2022-05-30T07:17:57,
Basel SBB,NJ,2022-05-30T22:57:00,2022-05-30T22:59:20,
Basel SBB,IR36,2022-05-30T07:49:00,2022-05-30T07:51:24,
Basel SBB,IR37,2022-05-30T08:18:00,2022-05-30T08:28:02,
Basel SBB,IR37,,,2022-05-30T05:42:00
Basel SBB,IR37,2022-05-30T10:18:00,2022-05-30T10:13:11,
Lausanne,EC,2022-05-30T06:14:00,2022-05-30T06:14:08,2022-05-30T06:18:00
Basel SBB,IR37,2022-05-30T14:18:00,2022-05-30T14:15:14,
Basel SBB,IR37,,,2022-05-30T11:42:00
Basel SBB,IR37,2022-05-30T19:18:00,2022-05-30T19:19:22,
Basel SBB,IR37,2022-05-30T21:18:00,2022-05-30T21:21:46,
Basel SBB,IR37,2022-05-30T23:18:00,2022-05-30T23:12:59,
Basel SBB,IR37,,,2022-05-30T21:42:00
Lausanne,IR,2022-05-30T05:37:00,2022-05-30T05:36:16,2022-05-30T05:47:00
Lausanne,IR90,2022-05-30T06:47:00,2022-05-30T06:48:02,2022-05-30T06:50:00
Lausanne,IR90,2022-05-30T08:10:00,2022-05-30T08:11:09,2022-05-30T08:13:00
Lausanne,IR90,2022-05-30T08:47:00,2022-05-30T08:47:18,2022-05-30T08:50:00
Lausanne,IR90,2022-05-30T10:10:00,2022-05-30T10:09:49,2022-05-30T10:13:00
Lausanne,IR90,2022-05-30T13:10:00,2022-05-30T13:10:00,2022-05-30T13:13:00
Lausanne,EC,2022-05-30T16:42:00,2022-05-30T16:56:11,2022-05-30T16:45:00
Lausanne,IR90,2022-05-30T14:10:00,2022-05-30T14:09:33,2022-05-30T14:13:00
Basel SBB,ICE,2022-05-30T19:47:00,2022-05-30T20:18:40,2022-05-30T19:56:00
Bern,ICE,2022-05-30T20:56:00,,2022-05-30T21:07:00
Lausanne,IR90,2022-05-30T16:10:00,2022-05-30T16:08:20,2022-05-30T16:13:00
Lausanne,IR90,2022-05-30T16:47:00,,2022-05-30T16:50:00
Basel SBB,ICE,2022-05-30T09:47:00,,
Lausanne,IC5,,,2022-05-30T05:42:00
Basel SBB,EC,2022-05-30T10:55:00,2022-05-30T11:28:58,2022-05-30T11:02:00
Basel SBB,RE,,,2022-05-30T18:28:00
Lausanne,IR90,2022-05-30T22:10:00,2022-05-30T22:10:18,2022-05-30T22:13:00
Basel SBB,IC3,2022-05-30T07:28:00,,
Bern,EC,2022-05-30T21:24:00,,2022-05-30T21:36:00
Basel SBB,IC3,,,2022-05-30T11:33:00
Basel SBB,IC3,,,2022-05-30T14:33:00
Lausanne,IR90,2022-05-30T21:47:00,2022-05-30T21:48:17,2022-05-30T21:50:00
Basel SBB,EC,,,2022-05-30T17:28:00
Lausanne,RE,2022-05-30T07:38:00,2022-05-30T07:39:30,2022-05-30T07:41:00
Lausanne,RE,2022-05-30T10:19:00,2022-05-30T10:17:55,2022-05-30T10:21:00
Basel SBB,IC21,2022-05-30T08:56:00,,
Basel SBB,ICE,,,2022-05-30T19:56:00
Bern,ICE,2022-05-30T20:56:00,,2022-05-30T21:07:00
Lausanne,IC1,2022-05-30T07:40:00,2022-05-30T07:41:09,2022-05-30T07:43:00
Lausanne,IC1,2022-05-30T06:17:00,2022-05-30T06:18:36,2022-05-30T06:20:00
Bern,IC1,2022-05-30T07:26:00,2022-05-30T07:27:21,2022-05-30T07:31:00
Lausanne,IC1,2022-05-30T09:40:00,2022-05-30T09:39:31,2022-05-30T09:43:00
Basel SBB,ICE,,,2022-05-30T13:06:00
Bern,IC1,2022-05-30T10:28:00,2022-05-30T10:28:45,2022-05-30T10:34:00
Bern,IC1,2022-05-30T10:26:00,2022-05-30T10:25:19,2022-05-30T10:31:00
Lausanne,IC1,2022-05-30T11:17:00,2022-05-30T11:16:11,2022-05-30T11:20:00
Bern,IC1,2022-05-30T13:28:00,2022-05-30T13:29:38,2022-05-30T13:34:00
Lausanne,IC1,2022-05-30T12:17:00,2022-05-30T12:18:11,2022-05-30T12:20:00
Bern,IC1,2022-05-30T15:28:00,2022-05-30T15:28:53,2022-05-30T15:34:00
Lausanne,IC1,2022-05-30T17:40:00,2022-05-30T17:39:51,2022-05-30T17:43:00
Lausanne,IC1,2022-05-30T16:17:00,,2022-05-30T16:20:00
Bern,IC1,,2022-05-30T18:30:13,2022-05-30T18:34:00
Bern,IC1,2022-05-30T19:28:00,2022-05-30T19:28:06,2022-05-30T19:34:00
Lausanne,IC1,2022-05-30T20:40:00,2022-05-30T20:40:09,2022-05-30T20:43:00
Bern,IC1,2022-05-30T21:26:00,2022-05-30T21:28:38,2022-05-30T21:31:00
Lausanne,IC1,2022-05-30T21:17:00,2022-05-30T21:18:56,2022-05-30T21:20:00
Basel SBB,ICE,2022-05-30T08:53:00,,2022-05-30T09:06:00
Basel SBB,IC3,2022-05-30T07:53:00,,
Basel SBB,IC3,,,2022-05-30T14:06:00
Basel SBB,IC3,2022-05-30T18:53:00,,
Basel SBB,ICE,2022-05-30T20:55:00,2022-05-30T21:19:22,2022-05-30T21:06:00
Bern,IC8,2022-05-30T06:54:00,2022-05-30T06:55:00,2022-05-30T07:02:00
Bern,IC8,2022-05-30T15:58:00,2022-05-30T15:59:36,2022-05-30T16:07:00
Bern,IC8,2022-05-30T15:54:00,2022-05-30T15:56:33,2022-05-30T16:02:00
Bern,IC8,2022-05-30T17:58:00,2022-05-30T18:03:35,2022-05-30T18:07:00
Bern,IC8,2022-05-30T23:02:00,2022-05-30T23:03:06,
Bern,IC8,,,2022-05-30T23:02:00
Bern,IC8,,,2022-05-31T00:02:00
Basel SBB,TGV,2022-05-30T15:26:00,2022-05-30T15:26:06,2022-05-30T15:33:00
Basel SBB,TGV,2022-05-30T17:26:00,2022-05-30T17:26:04,
Lausanne,TGV,2022-05-30T11:52:00,2022-05-30T11:49:34,
Lausanne,TGV,,,2022-05-30T07:23:00
Lausanne,TGV,,,2022-05-30T12:23:00
Lausanne,TGV,2022-05-30T15:36:00,2022-05-30T15:39:10,
Basel SBB,IC61,2022-05-30T09:01:00,,
Bern,IC61,2022-05-30T08:56:00,,
Basel SBB,TER,2022-05-30T06:50:00,2022-05-30T06:53:01,
Basel SBB,TER,,,2022-05-30T15:38:00
Basel SBB,IR36,2022-05-30T10:48:00,,
Basel SBB,IR36,,,2022-05-30T09:11:00
Basel SBB,IR36,,,2022-05-30T11:11:00
Basel SBB,IR36,2022-05-30T13:48:00,,
Basel SBB,IR36,,,2022-05-30T13:11:00
Basel SBB,IR36,2022-05-30T17:48:00,,
Basel SBB,IR36,,,2022-05-30T16:11:00
Basel SBB,IR36,2022-05-30T20:48:00,,
Basel SBB,IR36,,,2022-05-30T21:11:00
Basel SBB,IR36,,,2022-05-30T22:11:00
Basel SBB,IR36,,,2022-05-30T05:37:00
Basel SBB,IR36,,,2022-05-30T06:37:00
Lausanne,S2,2022-05-30T10:59:00,2022-05-30T10:58:52,2022-05-30T11:01:00
Lausanne,S2,2022-05-30T12:59:00,2022-05-30T12:58:33,2022-05-30T13:01:00
Lausanne,S2,2022-05-30T13:59:00,2022-05-30T13:59:54,2022-05-30T14:01:00
Lausanne,S2,2022-05-30T14:59:00,2022-05-30T14:58:09,2022-05-30T15:01:00
Lausanne,S2,,2022-05-30T15:00:26,2022-05-30T15:01:00
Lausanne,S2,2022-05-30T17:59:00,2022-05-30T17:58:54,2022-05-30T18:01:00
Lausanne,S2,2022-05-30T19:59:00,2022-05-30T19:58:17,2022-05-30T20:01:00
Lausanne,S2,2022-05-30T19:59:00,2022-05-30T19:58:29,2022-05-30T20:01:00
Lausanne,S2,,,2022-05-30T23:01:00
Lausanne,S2,2022-05-31T00:49:00,2022-05-31T00:48:06,
Lausanne,S3,,,2022-05-30T12:26:00
Lausanne,S3,2022-05-30T17:32:00,2022-05-30T17:31:31,
Lausanne,S3,2022-05-30T23:32:00,2022-05-30T23:33:05,
Lausanne,S4,2022-05-31T00:02:00,2022-05-31T00:01:17,2022-05-31T00:04:00
Lausanne,S4,,,2022-05-30T04:58:00
Lausanne,S4,2022-05-30T05:55:00,2022-05-30T05:57:22,2022-05-30T05:58:00
Lausanne,S4,2022-05-30T09:02:00,2022-05-30T09:00:49,2022-05-30T09:04:00
Lausanne,S4,2022-05-30T10:02:00,2022-05-30T10:00:47,2022-05-30T10:04:00
Lausanne,S4,2022-05-30T09:55:00,2022-05-30T09:55:20,2022-05-30T09:58:00
Lausanne,S4,2022-05-30T17:02:00,2022-05-30T17:03:09,2022-05-30T17:04:00
Lausanne,S4,2022-05-30T16:55:00,2022-05-30T16:56:30,2022-05-30T16:58:00
Lausanne,S4,2022-05-30T17:55:00,2022-05-30T17:56:13,2022-05-30T17:58:00
Lausanne,S4,2022-05-30T22:02:00,2022-05-30T22:00:46,2022-05-30T22:04:00
Lausanne,S4,2022-05-30T21:55:00,2022-05-30T21:56:43,2022-05-30T21:58:00
Lausanne,S4,2022-05-30T23:02:00,2022-05-30T23:00:31,2022-05-30T23:04:00
Lausanne,S4,2022-05-30T22:55:00,2022-05-30T22:55:14,2022-05-30T22:58:00
Lausanne,S5,,,2022-05-30T05:30:00
Lausanne,S5,,,2022-05-30T05:30:00
Lausanne,S5,2022-05-30T06:28:00,2022-05-30T06:28:11,2022-05-30T06:30:00
Lausanne,S5,2022-05-30T08:28:00,2022-05-30T08:28:16,2022-05-30T08:30:00
Lausanne,S5,2022-05-30T11:28:00,2022-05-30T11:27:35,2022-05-30T11:30:00
Lausanne,S5,2022-05-30T12:28:00,2022-05-30T12:28:34,2022-05-30T12:30:00
Lausanne,S5,2022-05-30T12:28:00,2022-05-30T12:27:47,2022-05-30T12:30:00
Lausanne,S5,2022-05-30T13:28:00,2022-05-30T13:28:12,2022-05-30T13:30:00
Lausanne,S5,2022-05-30T14:28:00,2022-05-30T14:28:19,2022-05-30T14:30:00
Lausanne,S5,,2022-05-30T15:31:18,2022-05-30T15:30:00
Lausanne,S5,2022-05-30T17:28:00,2022-05-30T17:27:01,2022-05-30T17:30:00
Lausanne,S5,2022-05-30T18:28:00,2022-05-30T18:28:20,2022-05-30T18:30:00
Lausanne,S5,2022-05-30T19:28:00,2022-05-30T19:29:36,2022-05-30T19:30:00
Lausanne,S5,2022-05-30T21:28:00,2022-05-30T21:28:47,2022-05-30T21:30:00
Lausanne,S5,2022-05-30T22:28:00,2022-05-30T22:28:40,2022-05-30T22:30:00
Lausanne,S5,,,2022-05-30T23:30:00
Basel SBB,IR27,2022-05-30T09:47:00,,
Lausanne,S6,2022-05-30T08:27:00,2022-05-30T08:27:55,
Lausanne,S6,,2022-05-30T10:27:08,
Basel SBB,IR27,2022-05-30T11:45:00,,
Lausanne,S6,2022-05-30T16:27:00,2022-05-30T16:28:29,
Basel SBB,IR27,,,2022-05-30T10:16:00
Lausanne,S6,2022-05-30T20:27:00,2022-05-30T20:25:48,
Basel SBB,IR27,,,2022-05-30T14:16:00
Basel SBB,IR27,,,2022-05-30T17:16:00
Basel SBB,IR27,,,2022-05-30T21:16:00
Lausanne,S9,,,2022-05-30T08:13:00
Lausanne,S9,,,2022-05-30T10:13:00
Lausanne,S9,,,2022-05-30T13:13:00
Lausanne,S9,2022-05-30T16:48:00,2022-05-30T16:48:06,
Lausanne,S9,,,2022-05-30T20:13:00
Lausanne,S9,2022-05-30T20:48:00,2022-05-30T20:47:33,
Lausanne,IR15,2022-05-30T06:16:00,2022-05-30T06:19:03,2022-05-30T06:19:00
Bern,IR15,,,2022-05-30T06:04:00
Bern,IR15,2022-05-30T09:00:00,2022-05-30T09:01:16,2022-05-30T09:04:00
Lausanne,IR15,2022-05-30T10:16:00,2022-05-30T10:15:54,2022-05-30T10:19:00
Bern,IR15,2022-05-30T11:00:00,2022-05-30T11:00:45,2022-05-30T11:04:00
Lausanne,IR15,2022-05-30T16:16:00,2022-05-30T16:15:25,2022-05-30T16:19:00
Lausanne,IR15,2022-05-30T18:16:00,2022-05-30T18:16:18,2022-05-30T18:19:00
Lausanne,IR15,2022-05-30T17:41:00,2022-05-30T17:40:55,2022-05-30T17:44:00
Lausanne,IR15,2022-05-30T21:16:00,2022-05-30T21:16:45,
Bern,IR15,2022-05-30T22:56:00,2022-05-30T22:55:06,2022-05-30T23:00:00
Bern,IR15,2022-05-30T23:56:00,2022-05-30T23:58:04,
Basel SBB,ICE,,,2022-05-30T14:13:00
Bern,ICE,2022-05-30T10:52:00,,2022-05-30T11:04:00
Basel SBB,EXT,,,2022-05-30T16:13:00
Basel SBB,IR27,2022-05-30T08:47:00,2022-05-30T08:52:48,
Basel SBB,IR27,,,2022-05-30T13:14:00
Basel SBB,IR27,2022-05-30T18:47:00,2022-05-30T18:46:35,
Basel SBB,IR27,,,2022-05-30T20:14:00
Basel SBB,IR37,2022-05-30T07:20:00,2022-05-30T07:20:05,
Basel SBB,IR36,2022-05-30T11:49:00,2022-05-30T11:48:39,
Basel SBB,IR36,2022-05-30T12:49:00,2022-05-30T12:48:07,
Basel SBB,IR36,2022-05-30T13:49:00,2022-05-30T13:52:15,
Basel SBB,IR36,2022-05-30T15:49:00,2022-05-30T15:50:02,
Basel SBB,IR37,2022-05-30T09:18:00,2022-05-30T09:18:35,
Basel SBB,IR37,2022-05-30T15:18:00,2022-05-30T15:14:14,
Basel SBB,IR37,,,2022-05-30T12:42:00
Basel SBB,IR37,2022-05-30T16:18:00,2022-05-30T16:14:06,
Basel SBB,IR37,,,2022-05-30T14:42:00
Basel SBB,IR37,,,2022-05-30T15:42:00
Basel SBB,IR37,,,2022-05-30T16:42:00
Basel SBB,IR37,,,2022-05-30T20:42:00
Basel SBB,IR37,2022-05-31T00:18:00,2022-05-31T00:16:21,
Bern,IC61,2022-05-30T08:26:00,,2022-05-30T08:34:00
Bern,IC6,,,2022-05-30T22:36:00
Lausanne,RE,2022-05-30T07:31:00,2022-05-30T07:32:42,
Lausanne,RE,,,2022-05-30T17:26:00
Lausanne,EC,2022-05-30T08:14:00,2022-05-30T08:16:49,2022-05-30T08:18:00
Bern,ICE,2022-05-30T06:52:00,,2022-05-30T07:04:00
Basel SBB,ICE,,,2022-05-30T06:06:00
Bern,ICE,2022-05-30T15:52:00,,2022-05-30T16:04:00
Basel SBB,ICE,2022-05-30T23:55:00,2022-05-31T00:01:03,
Basel SBB,NJ,2022-05-30T07:20:00,2022-05-30T07:20:03,2022-05-30T07:48:00
Basel SBB,EC,,,2022-05-30T06:28:00
Basel SBB,EC,,,2022-05-30T10:28:00
Basel SBB,EC,2022-05-30T15:35:00,2022-05-30T16:00:16,2022-05-30T15:41:00
Basel SBB,RE,,,2022-05-30T16:28:00
Basel SBB,RE7,2022-05-30T16:19:00,2022-05-30T16:20:28,
Basel SBB,RE7,,2022-05-30T18:17:41,
Bern,EC,2022-05-30T18:24:00,,2022-05-30T18:36:00
Basel SBB,IC3,,,2022-05-30T06:33:00
Basel SBB,IC3,2022-05-30T11:28:00,,
Basel SBB,EC,2022-05-30T14:01:00,,2022-05-30T14:27:00
Basel SBB,ICE,2022-05-30T14:53:00,,2022-05-30T15:06:00
Lausanne,IC1,2022-05-30T06:40:00,2022-05-30T06:39:35,2022-05-30T06:43:00
Bern,IC1,2022-05-30T06:28:00,2022-05-30T06:28:48,2022-05-30T06:34:00
Bern,IC8,2022-05-30T07:58:00,2022-05-30T07:59:25,2022-05-30T08:07:00
Bern,IC1,2022-05-30T08:26:00,2022-05-30T08:26:03,2022-05-30T08:31:00
Bern,IC1,2022-05-30T09:28:00,2022-05-30T09:30:22,2022-05-30T09:34:00
Lausanne,IC1,2022-05-30T10:40:00,2022-05-30T10:40:10,2022-05-30T10:43:00
Bern,IC1,2022-05-30T09:26:00,2022-05-30T09:29:44,2022-05-30T09:31:00
Lausanne,IC1,2022-05-30T10:17:00,2022-05-30T10:16:28,2022-05-30T10:20:00
Lausanne,IC1,2022-05-30T14:40:00,2022-05-30T14:41:31,2022-05-30T14:43:00
Bern,IC1,,2022-05-30T13:24:37,2022-05-30T13:31:00
Bern,IC1,2022-05-30T14:28:00,2022-05-30T14:28:57,2022-05-30T14:34:00
Lausanne,IC1,2022-05-30T13:17:00,2022-05-30T13:16:40,2022-05-30T13:20:00
Bern,IC1,2022-05-30T14:26:00,2022-05-30T14:24:52,2022-05-30T14:31:00
Lausanne,IC1,,2022-05-30T14:17:10,2022-05-30T14:20:00
Bern,IC1,2022-05-30T15:26:00,2022-05-30T15:25:41,2022-05-30T15:31:00
Lausanne,IC1,2022-05-30T15:17:00,,2022-05-30T15:20:00
Lausanne,IC1,2022-05-30T17:17:00,2022-05-30T17:16:29,2022-05-30T17:20:00
Bern,IC1,2022-05-30T21:28:00,2022-05-30T21:29:07,2022-05-30T21:34:00
Basel SBB,ICE,2022-05-30T10:53:00,,2022-05-30T11:06:00
Basel SBB,ICE,2022-05-30T16:55:00,2022-05-30T17:36:09,2022-05-30T17:06:00
Basel SBB,IC3,,,2022-05-30T18:06:00
Basel SBB,ICE,2022-05-30T06:57:00,2022-05-30T06:57:40,
Bern,IC8,2022-05-30T06:58:00,2022-05-30T06:58:37,2022-05-30T07:07:00
Bern,IC8,2022-05-30T07:58:00,,2022-05-30T08:07:00
Bern,IC8,2022-05-30T09:54:00,2022-05-30T09:56:30,2022-05-30T10:02:00
Bern,IC8,2022-05-30T11:54:00,2022-05-30T11:52:57,2022-05-30T12:02:00
Bern,IC8,2022-05-30T13:58:00,2022-05-30T13:59:34,2022-05-30T14:07:00
Bern,IC8,2022-05-30T14:58:00,2022-05-30T14:59:23,2022-05-30T15:07:00
Bern,IC8,2022-05-30T13:54:00,2022-05-30T13:54:05,2022-05-30T14:02:00
Bern,IC8,2022-05-30T14:54:00,2022-05-30T14:54:37,2022-05-30T15:02:00
Bern,IC8,,2022-05-30T16:58:35,2022-05-30T17:07:00
Bern,IC8,2022-05-30T18:58:00,2022-05-30T19:00:01,2022-05-30T19:07:00
Bern,IC8,2022-05-30T21:58:00,2022-05-30T22:01:27,
Bern,IC8,2022-05-30T20:54:00,2022-05-30T20:55:42,2022-05-30T21:02:00
Bern,IC8,,,2022-05-30T22:02:00
Bern,IC8,2022-05-31T00:02:00,2022-05-31T00:04:45,
Lausanne,RE,2022-05-30T16:19:00,2022-05-30T16:19:07,2022-05-30T16:21:00
Lausanne,RE,,,2022-05-30T21:21:00
Lausanne,RE,2022-05-30T06:08:00,2022-05-30T06:08:05,2022-05-30T06:11:00
Lausanne,RE,,2022-05-30T08:47:44,2022-05-30T08:51:00
Lausanne,RE,2022-05-30T08:08:00,2022-05-30T08:11:36,2022-05-30T08:11:00
Lausanne,RE,2022-05-30T09:08:00,2022-05-30T09:11:16,2022-05-30T09:11:00
Lausanne,RE,2022-05-30T11:49:00,2022-05-30T11:46:38,2022-05-30T11:51:00
Lausanne,RE,2022-05-30T13:08:00,2022-05-30T13:07:33,2022-05-30T13:11:00
Lausanne,RE,2022-05-30T19:08:00,2022-05-30T19:07:49,2022-05-30T19:11:00
Lausanne,RE,,2022-05-30T20:07:59,2022-05-30T20:11:00
Lausanne,IR,2022-05-30T07:04:00,2022-05-30T07:03:48,2022-05-30T07:08:00
Basel SBB,IR36,,,2022-05-30T19:37:00
Bern,IR16,2022-05-30T08:24:00,2022-05-30T08:23:48,
Bern,IR16,2022-05-30T16:24:00,2022-05-30T16:23:43,
Bern,IR16,2022-05-30T20:24:00,2022-05-30T20:23:19,
Bern,IR16,,,2022-05-30T19:33:00
Bern,IR16,2022-05-30T22:24:00,2022-05-30T22:22:57,
Basel SBB,IR37,2022-05-30T06:13:00,,
Basel SBB,IR37,,,2022-05-30T07:43:00
Basel SBB,IR37,2022-05-30T11:13:00,,
Basel SBB,IR37,,,2022-05-30T10:43:00
Basel SBB,IR37,,,2022-05-30T11:43:00
Basel SBB,IR37,,,2022-05-30T13:43:00
Basel SBB,IR37,,,2022-05-30T19:43:00
Basel SBB,IR37,,,2022-05-30T21:43:00
Basel SBB,IR36,2022-05-30T09:24:00,2022-05-30T09:25:06,
Basel SBB,IR36,,,2022-05-30T08:37:00
Basel SBB,IR36,2022-05-30T13:24:00,2022-05-30T13:23:06,
Basel SBB,IR36,2022-05-30T14:24:00,2022-05-30T14:23:38,
Basel SBB,IR36,2022-05-30T15:24:00,2022-05-30T15:22:38,
Basel SBB,IR36,,,2022-05-30T16:37:00
Basel SBB,IR36,,,2022-05-30T17:37:00
Basel SBB,TER,,,2022-05-30T16:08:00
Basel SBB,TER,,,2022-05-30T16:39:00
Basel SBB,TER,,,2022-05-30T17:08:00
Basel SBB,TER,2022-05-30T18:50:00,2022-05-30T18:51:18,
Basel SBB,TER,2022-05-30T19:20:00,2022-05-30T19:20:33,
Basel SBB,TER,,,2022-05-30T21:38:00
Basel SBB,TER,,,2022-05-30T22:38:00
Bern,IC61,,,2022-05-30T09:04:00
Basel SBB,IC61,2022-05-30T10:01:00,,
Basel SBB,TER,2022-05-30T06:38:00,2022-05-30T06:39:44,
Basel SBB,TER,,,2022-05-30T05:37:00
Basel SBB,TER,2022-05-30T11:08:00,2022-05-30T11:10:35,
Basel SBB,TER,,,2022-05-30T10:21:00
Basel SBB,TER,2022-05-30T15:08:00,2022-05-30T15:10:20,
Basel SBB,TER,2022-05-30T20:08:00,2022-05-30T20:09:48,
Basel SBB,TER,,,2022-05-30T20:21:00
Basel SBB,TER,2022-05-30T11:38:00,2022-05-30T11:39:52,
Basel SBB,TER,2022-05-30T14:40:00,2022-05-30T14:40:45,
Basel SBB,TER,2022-05-30T07:08:00,,
Basel SBB,TER,,,2022-05-30T14:51:00
Basel SBB,TER,,,2022-05-30T13:21:00
Bern,IC61,2022-05-30T11:52:00,,2022-05-30T12:04:00
Bern,IC61,2022-05-30T13:52:00,,2022-05-30T14:04:00
Lausanne,TGV,2022-05-30T10:14:00,,
Lausanne,TGV,,,2022-05-30T13:45:00
Bern,IC61,2022-05-30T16:52:00,,2022-05-30T17:04:00
Bern,IC61,2022-05-30T17:52:00,,2022-05-30T18:04:00
Basel SBB,IC61,2022-05-30T21:01:00,,
Bern,IC61,2022-05-30T21:56:00,,2022-05-30T22:07:00
Basel SBB,IC61,,,2022-05-30T21:56:00
Bern,IC61,2022-05-30T22:56:00,,2022-05-30T23:08:00
Basel SBB,IR36,,,2022-05-30T07:37:00
Basel SBB,IR36,2022-05-30T11:24:00,2022-05-30T11:24:35,
Basel SBB,IR36,,,2022-05-30T11:37:00
Basel SBB,IR36,2022-05-30T16:24:00,2022-05-30T16:23:22,
Basel SBB,IR,,,2022-05-30T22:58:00
Bern,IR35,,,2022-05-30T22:33:00
Bern,IR35,,,2022-05-30T15:38:00
Bern,IR35,,,2022-05-30T17:38:00
Lausanne,SN,2022-05-30T01:34:00,2022-05-30T01:33:59,
Lausanne,S1,,,2022-05-30T05:54:00
Lausanne,S1,2022-05-30T07:05:00,2022-05-30T07:04:12,
Lausanne,S1,,,2022-05-30T06:54:00
Lausanne,S1,,,2022-05-30T10:54:00
Lausanne,S1,,,2022-05-30T11:54:00
Lausanne,S1,2022-05-30T17:05:00,2022-05-30T17:05:24,
Lausanne,S1,,,2022-05-30T16:54:00
Lausanne,S1,2022-05-30T20:05:00,2022-05-30T20:04:24,
Lausanne,S1,,,2022-05-30T20:54:00
Lausanne,S1,2022-05-30T22:05:00,2022-05-30T22:03:19,
Lausanne,S1,,,2022-05-30T22:54:00
Lausanne,S1,2022-05-31T01:15:00,2022-05-31T01:14:41,
Basel SBB,TGV,2022-05-30T08:28:00,,2022-05-30T06:30:00
Basel SBB,TGV,2022-05-30T13:26:00,2022-05-30T13:25:47,2022-05-30T13:33:00
Basel SBB,TGV,2022-05-30T19:26:00,2022-05-30T19:27:05,2022-05-30T19:33:00
Basel SBB,TGV,2022-05-30T18:28:00,,2022-05-30T18:34:00
Bern,IC61,,,2022-05-30T08:04:00
Bern,IC61,2022-05-30T07:52:00,2022-05-30T07:52:17,
Bern,IC61,,,2022-05-30T09:04:00
Bern,IC61,2022-05-30T08:52:00,2022-05-30T08:53:51,
Basel SBB,IC61,,,2022-05-30T06:56:00
Bern,IC61,2022-05-30T07:56:00,,
Basel SBB,IC61,,,2022-05-30T07:56:00
Basel SBB,TER,,,2022-05-30T06:38:00
Basel SBB,TER,,,2022-05-30T11:38:00
Basel SBB,TER,2022-05-30T09:50:00,2022-05-30T09:55:17,
Basel SBB,TER,,,2022-05-30T19:38:00
Basel SBB,TER,2022-05-30T20:50:00,2022-05-30T20:51:46,
Basel SBB,TER,,,2022-05-30T09:08:00
Basel SBB,TER,2022-05-30T08:40:00,2022-05-30T08:44:43,
Basel SBB,TER,,,2022-05-30T06:51:00
Basel SBB,TER,,,2022-05-30T07:21:00
Basel SBB,TER,,,2022-05-30T08:21:00
Basel SBB,TER,,,2022-05-30T08:51:00
Basel SBB,TER,,,2022-05-30T12:21:00
Basel SBB,TER,,,2022-05-30T14:21:00
Basel SBB,TER,2022-05-30T18:08:00,2022-05-30T18:07:55,
Basel SBB,TER,2022-05-30T10:40:00,2022-05-30T10:40:15,
Basel SBB,TER,2022-05-30T12:40:00,2022-05-30T12:45:00,
Basel SBB,TER,,,2022-05-30T21:51:00
Basel SBB,TER,2022-05-30T16:40:00,2022-05-30T16:41:08,
Basel SBB,TER,,,2022-05-30T18:51:00
Basel SBB,IC61,,,2022-05-30T09:56:00
Bern,IC61,2022-05-30T10:56:00,,2022-05-30T11:04:00
Basel SBB,IC61,2022-05-30T13:01:00,,
Bern,IC61,2022-05-30T14:52:00,,2022-05-30T15:04:00
Bern,IC61,2022-05-30T15:56:00,,2022-05-30T16:04:00
Bern,IC61,2022-05-30T18:52:00,,2022-05-30T19:04:00
Bern,IC61,2022-05-30T20:52:00,,2022-05-30T21:04:00
Lausanne,S22,,,2022-05-30T06:40:00
Lausanne,S22,,,2022-05-30T08:40:00
Lausanne,S22,,,2022-05-30T16:34:00
Lausanne,S22,,,2022-05-30T17:34:00
Lausanne,S1,2022-05-30T13:05:00,2022-05-30T13:04:19,
Lausanne,S1,2022-05-30T14:05:00,2022-05-30T14:04:35,
Lausanne,S1,,,2022-05-30T17:54:00
Basel SBB,TER,2022-05-30T19:50:00,2022-05-30T19:50:49,
Basel SBB,TER,2022-05-30T20:20:00,2022-05-30T20:21:11,
Basel SBB,TER,2022-05-30T08:08:00,,
Basel SBB,TER,2022-05-30T09:38:00,2022-05-30T09:40:16,
Basel SBB,TER,2022-05-30T12:08:00,2022-05-30T12:11:00,
Basel SBB,TER,,,2022-05-30T15:51:00
Basel SBB,TER,2022-05-30T18:40:00,2022-05-30T18:40:04,
Basel SBB,TER,,,2022-05-30T16:51:00
Basel SBB,TER,2022-05-30T21:08:00,2022-05-30T21:09:01,
Basel SBB,TER,2022-05-30T06:08:00,2022-05-30T06:07:31,
Basel SBB,TER,,,2022-05-30T11:51:00
Basel SBB,TER,2022-05-30T21:38:00,2022-05-30T21:58:33,
Bern,IC61,2022-05-30T09:52:00,,2022-05-30T10:04:00
Basel SBB,IC61,2022-05-30T16:01:00,,
Lausanne,TGV,,,2022-05-30T09:45:00
Bern,IC61,2022-05-30T16:56:00,,2022-05-30T17:04:00
Lausanne,TGV,,,2022-05-30T18:45:00
Basel SBB,IC61,,,2022-05-30T16:56:00
Basel SBB,IC61,,,2022-05-30T18:56:00
Bern,IC61,2022-05-30T19:56:00,,2022-05-30T20:04:00
Basel SBB,IR36,,,2022-05-30T12:37:00
Basel SBB,IR36,,,2022-05-30T13:37:00
Basel SBB,IR36,,,2022-05-30T15:37:00
Basel SBB,IR36,2022-05-30T19:24:00,2022-05-30T19:24:49,
Basel SBB,IR36,,,2022-05-30T18:37:00
Bern,EC,2022-05-30T14:56:00,2022-05-30T15:41:35,2022-05-30T15:04:00
Basel SBB,EC,,,2022-05-30T16:02:00
Basel SBB,EC,2022-05-30T22:35:00,2022-05-30T22:33:17,
Basel SBB,ICE,2022-05-30T12:57:00,2022-05-30T12:56:16,
Basel SBB,ICE,,,2022-05-30T15:02:00
Basel SBB,ICE,,,2022-05-30T21:02:00
Basel SBB,IC61,,,2022-05-30T05:22:00
Basel SBB,IC6,2022-05-30T09:35:00,2022-05-30T09:35:56,
Basel SBB,IC61,2022-05-30T10:35:00,2022-05-30T10:37:21,
Basel SBB,IC61,,,2022-05-30T11:25:00
Bern,IC61,2022-05-30T12:26:00,2022-05-30T12:27:58,2022-05-30T12:34:00
Bern,IC61,2022-05-30T13:24:00,2022-05-30T13:24:09,2022-05-30T13:36:00
Bern,IC61,2022-05-30T15:24:00,2022-05-30T15:23:42,2022-05-30T15:36:00
Basel SBB,IC6,,,2022-05-30T14:25:00
Bern,IC6,2022-05-30T17:26:00,2022-05-30T17:28:54,2022-05-30T17:34:00
Bern,IC6,,,2022-05-30T23:36:00
Basel SBB,TGV,2022-05-30T14:30:00,2022-05-30T14:30:39,
Basel SBB,TGV,2022-05-30T16:30:00,2022-05-30T16:29:23,
Basel SBB,IC3,,,2022-05-30T07:02:00
Basel SBB,IC3,2022-05-30T22:30:00,,
Basel SBB,ICE,2022-05-30T12:47:00,2022-05-30T12:46:45,
Basel SBB,IC61,,,2022-05-30T07:25:00
Bern,IC61,2022-05-30T08:26:00,2022-05-30T08:26:54,2022-05-30T08:34:00
Bern,IC6,,,2022-05-30T22:36:00
Basel SBB,ICE,,,2022-05-30T19:55:00
Basel SBB,IC3,2022-05-30T07:36:00,2022-05-30T07:35:32,
Basel SBB,IC3,,,2022-05-30T08:30:00
Basel SBB,IC3,2022-05-30T13:30:00,2022-05-30T13:29:41,
Basel SBB,IC3,,,2022-05-30T11:30:00
Bern,IC61,2022-05-30T06:26:00,,2022-05-30T06:34:00
Basel SBB,IC3,2022-05-30T15:30:00,2022-05-30T15:29:34,
Basel SBB,IC3,,,2022-05-30T14:30:00
Bern,IC61,2022-05-30T09:24:00,,2022-05-30T09:36:00
Basel SBB,IC61,2022-05-30T10:32:00,,
Basel SBB,IC61,,,2022-05-30T09:28:00
Basel SBB,IC21,,,2022-05-30T05:03:00
Basel SBB,IC61,,,2022-05-30T11:28:00
Bern,IC61,2022-05-30T13:24:00,,2022-05-30T13:36:00
Basel SBB,IC6,,,2022-05-30T14:28:00
Basel SBB,IC3,2022-05-30T07:57:00,2022-05-30T07:56:39,
Basel SBB,IC3,,,2022-05-30T14:02:00
Basel SBB,IC3,2022-05-30T18:57:00,2022-05-30T18:57:01,
Basel SBB,IC3,,,2022-05-30T18:02:00
Basel SBB,ICE,,,2022-05-30T11:13:00
Basel SBB,IC61,,,2022-05-30T06:55:00
Basel SBB,IC61,2022-05-30T10:02:00,2022-05-30T10:03:54,
Basel SBB,IC61,,,2022-05-30T09:55:00
Bern,IC61,2022-05-30T11:52:00,2022-05-30T11:56:30,2022-05-30T12:04:00
Bern,IC61,2022-05-30T13:52:00,2022-05-30T13:52:26,2022-05-30T14:04:00
Bern,IC61,2022-05-30T14:52:00,2022-05-30T14:52:07,2022-05-30T15:04:00
Bern,IC61,2022-05-30T15:56:00,2022-05-30T15:57:50,2022-05-30T16:04:00
Basel SBB,IC61,,,2022-05-30T15:55:00
Basel SBB,IC61,2022-05-30T18:02:00,2022-05-30T18:03:58,
Basel SBB,IC61,,,2022-05-30T16:55:00
Bern,IC61,2022-05-30T17:56:00,2022-05-30T17:58:06,2022-05-30T18:04:00
Basel SBB,IC61,2022-05-30T19:02:00,2022-05-30T19:04:48,
Bern,IC61,2022-05-30T18:52:00,2022-05-30T18:55:13,2022-05-30T19:04:00
Basel SBB,IC61,2022-05-30T20:02:00,2022-05-30T20:05:28,
Bern,IC61,2022-05-30T19:56:00,2022-05-30T20:00:39,2022-05-30T20:04:00
Bern,IC61,2022-05-30T19:52:00,2022-05-30T19:55:57,2022-05-30T20:04:00
Bern,IC61,2022-05-30T20:52:00,2022-05-30T20:53:39,2022-05-30T21:04:00
Basel SBB,IC3,,,2022-05-30T06:06:00
Basel SBB,IC3,2022-05-30T22:28:00,,
Basel SBB,S1,,,2022-05-30T07:19:00
Basel SBB,S1,,,2022-05-30T20:19:00
Lausanne,IC5,,,2022-05-30T06:15:00
Lausanne,IC5,,,2022-05-30T08:15:00
Lausanne,IC5,2022-05-30T13:45:00,2022-05-30T13:44:17,
Lausanne,IC5,2022-05-30T16:45:00,2022-05-30T16:45:35,
Lausanne,IC5,2022-05-30T17:45:00,2022-05-30T17:43:21,
Lausanne,IC5,2022-05-30T19:45:00,2022-05-30T19:46:10,
Lausanne,IC5,,,2022-05-30T20:15:00
Lausanne,IC5,,,2022-05-30T22:15:00
Lausanne,IR,,,2022-05-30T17:40:00
Basel SBB,IC51,,,2022-05-30T06:03:00
Basel SBB,IC51,2022-05-30T08:53:00,2022-05-30T08:55:00,
Basel SBB,IC51,2022-05-30T10:53:00,2022-05-30T10:55:26,
Basel SBB,IC51,,,2022-05-30T10:03:00
Basel SBB,IC51,,,2022-05-30T15:03:00
Basel SBB,IC51,,,2022-05-30T23:03:00
Lausanne,IR,2022-05-30T06:39:00,2022-05-30T06:40:06,2022-05-30T06:48:00
Basel SBB,S,2022-05-30T08:17:00,,
Lausanne,IR90,2022-05-30T06:12:00,2022-05-30T06:10:29,2022-05-30T06:21:00
Basel SBB,S,,,2022-05-30T17:12:00
Basel SBB,S,2022-05-31T00:10:00,,
Lausanne,IR90,2022-05-30T08:12:00,2022-05-30T08:13:51,2022-05-30T08:21:00
Basel SBB,S1,,,2022-05-30T07:20:00
Lausanne,IR90,2022-05-30T09:12:00,2022-05-30T09:13:44,2022-05-30T09:21:00
Basel SBB,S1,,,2022-05-30T12:20:00
Basel SBB,S1,2022-05-30T14:41:00,2022-05-30T14:43:44,
Basel SBB,S1,2022-05-30T19:41:00,2022-05-30T19:43:03,
Lausanne,IR90,2022-05-30T13:39:00,2022-05-30T13:38:43,2022-05-30T13:48:00
Basel SBB,S1,2022-05-30T21:41:00,2022-05-30T21:40:15,
Basel SBB,S1,,,2022-05-31T00:20:00
Lausanne,IR90,2022-05-30T14:12:00,2022-05-30T14:10:37,2022-05-30T14:21:00
Basel SBB,S1,2022-05-30T09:11:00,2022-05-30T09:10:42,
Basel SBB,S1,,,2022-05-30T09:50:00
Lausanne,IR90,2022-05-30T16:39:00,2022-05-30T16:40:13,2022-05-30T16:48:00
Basel SBB,S1,,,2022-05-30T11:50:00
Basel SBB,S1,,,2022-05-30T12:50:00
Basel SBB,S1,2022-05-30T17:11:00,2022-05-30T17:10:52,
Basel SBB,S1,,,2022-05-30T19:50:00
Basel SBB,S1,2022-05-30T23:11:00,2022-05-30T23:09:39,
Lausanne,IR90,2022-05-30T18:12:00,2022-05-30T18:13:47,2022-05-30T18:21:00
Lausanne,IR90,2022-05-30T20:39:00,2022-05-30T20:40:20,2022-05-30T20:48:00
Basel SBB,S3,2022-05-30T08:23:00,2022-05-30T08:23:28,2022-05-30T08:31:00
Basel SBB,S3,2022-05-30T09:23:00,2022-05-30T09:23:30,2022-05-30T09:31:00
Basel SBB,S3,2022-05-30T09:56:00,2022-05-30T09:56:21,2022-05-30T10:06:00
Basel SBB,S3,2022-05-30T12:27:00,2022-05-30T12:27:38,2022-05-30T12:37:00
Basel SBB,S3,2022-05-30T13:56:00,2022-05-30T13:56:21,2022-05-30T14:06:00
Lausanne,IR90,2022-05-30T20:12:00,2022-05-30T20:10:44,2022-05-30T20:21:00
Basel SBB,S3,2022-05-30T14:56:00,2022-05-30T14:57:59,2022-05-30T15:06:00
Basel SBB,S3,2022-05-30T14:50:00,2022-05-30T14:50:50,2022-05-30T15:01:00
Basel SBB,S3,2022-05-30T15:50:00,2022-05-30T15:51:19,2022-05-30T16:01:00
Basel SBB,S3,2022-05-30T16:23:00,2022-05-30T16:23:23,2022-05-30T16:31:00
Basel SBB,S3,2022-05-30T16:50:00,2022-05-30T16:51:39,2022-05-30T17:01:00
Basel SBB,S3,2022-05-30T20:23:00,2022-05-30T20:21:56,2022-05-30T20:31:00
Basel SBB,S3,2022-05-30T21:50:00,2022-05-30T21:50:55,2022-05-30T22:01:00
Basel SBB,S3,2022-05-30T22:23:00,2022-05-30T22:22:06,2022-05-30T22:31:00
Basel SBB,S3,2022-05-30T22:50:00,2022-05-30T22:50:30,2022-05-30T23:01:00
Lausanne,IR90,,,2022-05-30T22:26:00
Basel SBB,S3,2022-05-31T00:27:00,2022-05-31T00:26:38,2022-05-31T00:42:00
Basel SBB,S3,2022-05-31T00:28:00,2022-05-31T00:28:34,2022-05-31T00:33:00
Basel SBB,S3,2022-05-31T01:27:00,2022-05-31T01:28:52,
Lausanne,IR,,,2022-05-31T00:25:00
Lausanne,IR90,2022-05-30T09:10:00,2022-05-30T09:12:34,2022-05-30T09:13:00
Lausanne,IR90,2022-05-30T13:47:00,2022-05-30T13:47:17,2022-05-30T13:50:00
Lausanne,IR90,2022-05-30T17:10:00,2022-05-30T17:09:08,2022-05-30T17:13:00
Lausanne,IR90,2022-05-30T20:10:00,2022-05-30T20:09:43,2022-05-30T20:13:00
Lausanne,RE,2022-05-30T06:38:00,2022-05-30T06:37:41,2022-05-30T06:41:00
Lausanne,RE,2022-05-30T10:38:00,2022-05-30T10:40:20,2022-05-30T10:41:00
Lausanne,RE,2022-05-30T14:38:00,2022-05-30T14:37:23,2022-05-30T14:41:00
Lausanne,RE,2022-05-30T18:38:00,2022-05-30T18:37:56,2022-05-30T18:41:00
Lausanne,RE,2022-05-30T20:19:00,2022-05-30T20:17:22,2022-05-30T20:21:00
Lausanne,RE,2022-05-30T19:38:00,2022-05-30T19:36:51,2022-05-30T19:41:00
Lausanne,RE,2022-05-30T20:38:00,2022-05-30T20:36:21,
Lausanne,RE,2022-05-30T06:49:00,2022-05-30T06:46:20,2022-05-30T06:51:00
Lausanne,RE,2022-05-30T07:49:00,2022-05-30T07:48:17,2022-05-30T07:51:00
Lausanne,RE,2022-05-30T12:08:00,2022-05-30T12:08:24,2022-05-30T12:11:00
Lausanne,RE,2022-05-30T14:08:00,2022-05-30T14:07:19,2022-05-30T14:11:00
Lausanne,RE,2022-05-30T15:49:00,2022-05-30T15:48:59,2022-05-30T15:51:00
Lausanne,RE,2022-05-30T15:08:00,2022-05-30T15:10:44,2022-05-30T15:11:00
Lausanne,RE,2022-05-30T16:08:00,2022-05-30T16:08:29,2022-05-30T16:11:00
Lausanne,RE,2022-05-30T17:49:00,2022-05-30T17:46:49,2022-05-30T17:51:00
Lausanne,RE,2022-05-30T17:08:00,2022-05-30T17:08:23,2022-05-30T17:11:00
Lausanne,RE,2022-05-30T20:49:00,2022-05-30T20:46:51,2022-05-30T20:51:00
Lausanne,RE,,,2022-05-30T23:51:00
Lausanne,RE,2022-05-31T00:08:00,2022-05-31T00:08:53,
Lausanne,RE,2022-05-31T01:08:00,2022-05-31T01:12:32,
Basel SBB,IR36,,,2022-05-30T08:11:00
Basel SBB,IR36,,,2022-05-30T12:11:00
Basel SBB,IR36,2022-05-30T14:48:00,,
Basel SBB,IR36,2022-05-30T15:48:00,,
Basel SBB,IR36,2022-05-30T18:48:00,,
Basel SBB,IR36,,,2022-05-30T17:11:00
Basel SBB,IR36,,,2022-05-30T19:11:00
Basel SBB,IR36,2022-05-30T22:48:00,,
Basel SBB,ICE,,,2022-05-30T09:13:00
Basel SBB,ICE,,,2022-05-30T05:06:00
Basel SBB,IR36,2022-05-30T21:24:00,2022-05-30T21:24:47,
Bern,IR16,2022-05-30T13:24:00,2022-05-30T13:23:20,
Bern,IR16,,,2022-05-30T11:33:00
Bern,IR16,,,2022-05-30T12:33:00
Bern,IR16,,,2022-05-30T13:33:00
Bern,IR16,2022-05-30T19:24:00,2022-05-30T19:23:42,
Bern,IR16,,,2022-05-30T17:33:00
Basel SBB,IR37,2022-05-30T07:13:00,,
Basel SBB,IR37,2022-05-30T10:13:00,,
Basel SBB,IR37,,,2022-05-30T12:43:00
Basel SBB,IR37,2022-05-30T20:13:00,,
Basel SBB,IR37,,,2022-05-30T18:43:00
Basel SBB,IR37,2022-05-31T01:13:00,,
Basel SBB,IR26,2022-05-30T06:56:00,,
Lausanne,S2,,2022-05-30T06:57:24,2022-05-30T07:01:00
Lausanne,S2,2022-05-30T07:59:00,2022-05-30T07:58:45,2022-05-30T08:01:00
Lausanne,S2,2022-05-30T07:59:00,2022-05-30T07:58:39,2022-05-30T08:01:00
Lausanne,S2,2022-05-30T08:59:00,2022-05-30T08:58:37,2022-05-30T09:01:00
Lausanne,S2,2022-05-30T08:59:00,2022-05-30T08:59:39,2022-05-30T09:01:00
Lausanne,S2,,2022-05-30T10:58:10,2022-05-30T11:01:00
Lausanne,S2,2022-05-30T15:59:00,2022-05-30T16:01:55,2022-05-30T16:01:00
Lausanne,S2,2022-05-30T15:59:00,2022-05-30T15:59:56,2022-05-30T16:01:00
Lausanne,S2,,2022-05-30T17:00:06,2022-05-30T17:01:00
Lausanne,S2,2022-05-30T18:59:00,2022-05-30T18:58:21,2022-05-30T19:01:00
Lausanne,S2,2022-05-30T18:59:00,2022-05-30T18:58:38,2022-05-30T19:01:00
Lausanne,S3,,,2022-05-30T05:26:00
Lausanne,S3,2022-05-30T08:32:00,2022-05-30T08:31:09,
Lausanne,S3,,,2022-05-30T08:26:00
Lausanne,S3,2022-05-30T12:32:00,2022-05-30T12:32:29,
Lausanne,S3,,,2022-05-30T16:26:00
Lausanne,S3,2022-05-30T20:32:00,2022-05-30T20:31:37,
Lausanne,S3,,,2022-05-30T21:26:00
Lausanne,S3,,,2022-05-30T22:26:00
Lausanne,S3,,,2022-05-30T23:26:00
Lausanne,S4,2022-05-30T08:02:00,2022-05-30T08:01:46,2022-05-30T08:04:00
Lausanne,S4,2022-05-30T14:02:00,2022-05-30T14:01:57,2022-05-30T14:04:00
Lausanne,S4,2022-05-30T13:55:00,2022-05-30T13:56:17,2022-05-30T13:58:00
Lausanne,S4,2022-05-30T21:02:00,2022-05-30T20:59:55,2022-05-30T21:04:00
Lausanne,S4,2022-05-30T23:55:00,2022-05-30T23:56:19,2022-05-30T23:58:00
Lausanne,S5,2022-05-30T09:28:00,2022-05-30T09:30:31,2022-05-30T09:30:00
Lausanne,S5,2022-05-30T11:28:00,2022-05-30T11:26:12,2022-05-30T11:30:00
Lausanne,S5,2022-05-30T15:28:00,2022-05-30T15:35:04,2022-05-30T15:30:00
Lausanne,S5,2022-05-30T16:28:00,2022-05-30T16:30:55,2022-05-30T16:30:00
Lausanne,S5,2022-05-30T17:28:00,2022-05-30T17:27:17,2022-05-30T17:30:00
Lausanne,S6,2022-05-30T06:27:00,2022-05-30T06:28:10,
Lausanne,S6,,,2022-05-30T06:33:00
Lausanne,S6,2022-05-30T09:27:00,2022-05-30T09:30:50,
Lausanne,S6,,,2022-05-30T09:33:00
Lausanne,S6,2022-05-30T11:27:00,2022-05-30T11:25:52,
Lausanne,S6,2022-05-30T12:27:00,2022-05-30T12:25:51,
Lausanne,S6,,,2022-05-30T13:33:00
Lausanne,S6,2022-05-30T15:27:00,2022-05-30T15:30:47,
Lausanne,S6,2022-05-30T17:27:00,2022-05-30T17:27:04,
Lausanne,S6,,,2022-05-30T20:33:00
Lausanne,S6,,,2022-05-30T22:33:00
Basel SBB,IR27,,,2022-05-30T11:16:00
Basel SBB,IR27,2022-05-30T15:45:00,,
Basel SBB,IR27,2022-05-30T18:45:00,,
Basel SBB,IR27,,,2022-05-30T19:16:00
Lausanne,S9,2022-05-30T06:48:00,2022-05-30T06:49:35,
Lausanne,S9,2022-05-30T08:48:00,2022-05-30T08:48:06,
Lausanne,S9,2022-05-30T11:48:00,2022-05-30T11:46:55,
Lausanne,S9,2022-05-30T13:48:00,2022-05-30T13:46:54,
Lausanne,S9,,,2022-05-30T14:13:00
Lausanne,S9,2022-05-30T14:48:00,2022-05-30T14:49:54,
Lausanne,S9,,,2022-05-30T16:13:00
Bern,IR15,2022-05-30T05:56:00,2022-05-30T05:56:26,2022-05-30T06:00:00
Lausanne,IR15,2022-05-30T08:16:00,2022-05-30T08:18:00,2022-05-30T08:19:00
Bern,IR15,2022-05-30T07:56:00,2022-05-30T07:55:35,2022-05-30T08:00:00
Bern,IR15,2022-05-30T10:00:00,2022-05-30T10:03:03,2022-05-30T10:04:00
Lausanne,IR15,2022-05-30T11:16:00,2022-05-30T11:16:32,2022-05-30T11:19:00
Lausanne,IR15,2022-05-30T09:41:00,2022-05-30T09:41:27,2022-05-30T09:44:00
Bern,IR15,2022-05-30T10:56:00,2022-05-30T10:56:24,2022-05-30T11:00:00
Bern,IR15,2022-05-30T12:00:00,2022-05-30T12:03:54,2022-05-30T12:04:00
Lausanne,IR15,2022-05-30T13:16:00,2022-05-30T13:16:16,2022-05-30T13:19:00
Bern,IR15,2022-05-30T14:00:00,2022-05-30T14:01:25,2022-05-30T14:04:00
Bern,IR15,2022-05-30T14:56:00,2022-05-30T14:55:03,2022-05-30T15:00:00
Bern,IR15,2022-05-30T16:00:00,2022-05-30T16:01:21,2022-05-30T16:04:00
Bern,IR15,2022-05-30T18:00:00,2022-05-30T18:00:16,2022-05-30T18:04:00
Lausanne,IR15,2022-05-30T19:16:00,2022-05-30T19:15:19,2022-05-30T19:19:00
Bern,IR15,2022-05-30T18:56:00,2022-05-30T18:57:58,2022-05-30T19:00:00
Bern,IR15,2022-05-30T19:00:00,2022-05-30T19:02:46,2022-05-30T19:04:00
Lausanne,IR15,2022-05-30T20:16:00,2022-05-30T20:15:49,2022-05-30T20:19:00
Bern,IR15,2022-05-30T21:00:00,2022-05-30T21:00:18,2022-05-30T21:04:00
Lausanne,IR15,2022-05-30T20:41:00,2022-05-30T20:40:56,2022-05-30T20:44:00
Lausanne,IR15,2022-05-31T00:20:00,2022-05-31T00:20:29,
Basel SBB,ICE,2022-05-30T17:53:00,,2022-05-30T18:13:00
Bern,ICE,2022-05-30T12:56:00,,2022-05-30T13:04:00
Basel SBB,ICE,2022-05-30T13:47:00,2022-05-30T14:07:05,
Basel SBB,EC,,2022-05-30T13:04:56,
Basel SBB,IR27,,,2022-05-30T21:14:00
Bern,IC6,2022-05-30T12:24:00,2022-05-30T12:28:33,2022-05-30T12:36:00
Basel SBB,IR27,2022-05-30T06:47:00,2022-05-30T06:47:44,
Basel SBB,IR27,,,2022-05-30T07:14:00
Basel SBB,IR27,2022-05-30T12:47:00,2022-05-30T12:45:54,
Basel SBB,IR27,,,2022-05-30T11:14:00
Basel SBB,IR27,2022-05-30T07:47:00,2022-05-30T07:48:33,
Basel SBB,IR27,2022-05-30T09:47:00,2022-05-30T09:47:39,
Basel SBB,IR27,2022-05-30T11:47:00,2022-05-30T11:45:35,
Basel SBB,IR27,,,2022-05-30T18:14:00
Basel SBB,S1,,,2022-05-30T23:19:00
Basel SBB,ICE,,,2022-05-30T09:02:00
Basel SBB,ICE,,,2022-05-30T09:02:00
Basel SBB,IR36,2022-05-30T14:49:00,2022-05-30T14:48:59,
Basel SBB,IR36,2022-05-30T16:49:00,2022-05-30T16:52:07,
Basel SBB,IR37,,,2022-05-30T06:42:00
Basel SBB,IR36,2022-05-30T23:49:00,2022-05-30T23:46:19,
Basel SBB,IR37,,,2022-05-30T08:42:00
Basel SBB,IR37,2022-05-30T12:18:00,2022-05-30T12:13:18,
Basel SBB,IR37,,,2022-05-30T10:42:00
Basel SBB,IR37,2022-05-30T17:18:00,2022-05-30T17:16:12,
Basel SBB,IR37,,,2022-05-30T19:42:00
Lausanne,EC,2022-05-30T11:42:00,2022-05-30T11:42:50,2022-05-30T11:45:00
Basel SBB,IC61,,,2022-05-30T07:28:00
Bern,IC61,2022-05-30T21:52:00,2022-05-30T21:55:55,
Lausanne,EC,2022-05-30T06:14:00,,2022-05-30T06:18:00
Basel SBB,ICE,,,2022-05-30T17:07:00
Lausanne,EC,2022-05-30T14:14:00,2022-05-30T14:13:32,2022-05-30T14:18:00
Lausanne,EC,2022-05-30T23:10:00,2022-05-30T23:10:31,2022-05-30T23:12:00
Basel SBB,ICE,,,2022-05-30T04:56:00
Bern,EC,2022-05-30T11:26:00,,2022-05-30T11:34:00
Basel SBB,RE7,2022-05-30T07:30:00,2022-05-30T07:29:16,
Basel SBB,RE,,,2022-05-30T12:25:00
Basel SBB,RE7,2022-05-30T12:18:00,2022-05-30T12:18:37,
Basel SBB,RE,,,2022-05-30T22:59:00
Basel SBB,RE7,2022-05-30T22:31:00,2022-05-30T22:31:36,
Basel SBB,EC,2022-05-30T19:32:00,,
Lausanne,IC5,2022-05-31T00:16:00,2022-05-31T00:16:34,
Basel SBB,IC3,,,2022-05-30T09:33:00
Basel SBB,IC3,2022-05-30T13:28:00,,
Bern,EC,2022-05-30T13:26:00,,2022-05-30T13:34:00
Basel SBB,IC3,2022-05-30T20:28:00,,
Bern,EC,2022-05-30T12:52:00,,2022-05-30T13:04:00
Basel SBB,IC21,,,2022-05-30T07:03:00
Basel SBB,IC21,,,2022-05-30T17:03:00
Basel SBB,IC21,2022-05-30T18:56:00,,
Basel SBB,IC21,,,2022-05-30T21:03:00
Bern,IC1,2022-05-30T11:28:00,2022-05-30T11:28:23,2022-05-30T11:34:00
Lausanne,IC1,2022-05-30T12:40:00,2022-05-30T12:39:26,2022-05-30T12:43:00
Lausanne,IC1,2022-05-30T13:40:00,2022-05-30T13:40:38,2022-05-30T13:43:00
Bern,IC1,2022-05-30T12:26:00,2022-05-30T12:25:02,2022-05-30T12:31:00
Basel SBB,ICE,2022-05-30T12:53:00,,2022-05-30T13:06:00
Lausanne,IC1,2022-05-30T18:40:00,2022-05-30T18:42:07,2022-05-30T18:43:00
Lausanne,IC1,2022-05-30T18:17:00,2022-05-30T18:17:33,2022-05-30T18:20:00
Bern,IC1,2022-05-30T19:26:00,2022-05-30T19:25:49,2022-05-30T19:31:00
Lausanne,IC1,2022-05-30T21:40:00,2022-05-30T21:40:32,
Lausanne,IC1,2022-05-30T19:17:00,2022-05-30T19:16:45,2022-05-30T19:20:00
Bern,IC1,2022-05-30T22:26:00,2022-05-30T22:32:29,2022-05-30T22:31:00
Bern,IC1,2022-05-30T23:31:00,2022-05-30T23:33:23,
Bern,IC1,2022-05-30T23:26:00,2022-05-30T23:34:04,2022-05-30T23:31:00
Bern,IC1,2022-05-31T00:31:00,2022-05-31T00:36:11,
Basel SBB,IC3,2022-05-30T09:53:00,,
Basel SBB,ICE,2022-05-30T18:55:00,2022-05-30T19:34:34,2022-05-30T19:06:00
Basel SBB,IC3,2022-05-30T15:53:00,,
Basel SBB,ICE,2022-05-30T06:53:00,,2022-05-30T07:06:00
Basel SBB,ICE,2022-05-30T06:57:00,2022-05-30T06:57:24,
Bern,IC8,,,2022-05-30T06:02:00
Bern,IC8,2022-05-30T07:54:00,2022-05-30T07:55:29,2022-05-30T08:02:00
Bern,IC8,2022-05-30T10:54:00,,2022-05-30T11:02:00
Bern,IC8,2022-05-30T12:54:00,2022-05-30T12:57:36,2022-05-30T13:02:00
Bern,IC8,2022-05-30T17:54:00,2022-05-30T17:58:31,2022-05-30T18:02:00
Bern,IC8,2022-05-30T18:54:00,2022-05-30T18:58:38,2022-05-30T19:02:00
Bern,IC8,2022-05-30T19:54:00,2022-05-30T19:53:14,2022-05-30T20:02:00
Basel SBB,EC,2022-05-30T15:36:00,2022-05-30T15:48:46,2022-05-30T16:06:00
Basel SBB,TGV,2022-05-30T10:26:00,2022-05-30T10:25:37,2022-05-30T10:33:00
Basel SBB,TGV,2022-05-30T10:28:00,,2022-05-30T10:34:00
Basel SBB,TGV,2022-05-30T12:28:00,,2022-05-30T12:34:00
Basel SBB,TGV,2022-05-30T14:28:00,,2022-05-30T14:34:00
Lausanne,TGV,,,2022-05-30T16:23:00
Bern,IC61,2022-05-30T05:52:00,,2022-05-30T06:04:00
Basel SBB,IC61,2022-05-30T07:01:00,,
Basel SBB,IC61,,,2022-05-30T05:56:00
Bern,IC61,2022-05-30T06:56:00,,2022-05-30T07:04:00
Basel SBB,TER,,,2022-05-30T08:08:00
Basel SBB,EC,2022-05-30T14:02:00,2022-05-30T14:02:00,
Basel SBB,EC,,,2022-05-30T13:55:00
Basel SBB,EC,2022-05-30T11:57:00,2022-05-30T11:57:23,
Basel SBB,EC,,,2022-05-30T12:25:00
Bern,EC,2022-05-30T18:26:00,2022-05-30T18:28:19,2022-05-30T18:34:00
Bern,IC61,2022-05-30T06:24:00,2022-05-30T06:23:30,2022-05-30T06:36:00
Basel SBB,IC61,2022-05-30T07:35:00,2022-05-30T07:33:48,
Bern,IC61,2022-05-30T06:26:00,2022-05-30T06:26:49,2022-05-30T06:34:00
Bern,IC61,2022-05-30T07:24:00,2022-05-30T07:23:30,2022-05-30T07:36:00
Bern,IC6,2022-05-30T09:26:00,2022-05-30T09:28:52,2022-05-30T09:34:00
Basel SBB,IC61,2022-05-30T12:35:00,2022-05-30T12:33:15,
Basel SBB,IC61,2022-05-30T14:35:00,2022-05-30T14:34:36,
Bern,IC6,2022-05-30T15:26:00,2022-05-30T15:26:05,2022-05-30T15:34:00
Bern,IC61,2022-05-30T19:24:00,2022-05-30T19:24:42,2022-05-30T19:36:00
Basel SBB,IC61,2022-05-30T20:35:00,2022-05-30T20:33:08,
Bern,IC6,2022-05-30T20:24:00,2022-05-30T20:24:29,2022-05-30T20:36:00
Bern,IC6,2022-05-30T20:26:00,2022-05-30T20:25:20,2022-05-30T20:34:00
Basel SBB,ICE,,,2022-05-30T17:13:00
Basel SBB,TGV,2022-05-30T12:30:00,2022-05-30T12:30:27,
Basel SBB,TGV,,,2022-05-30T19:30:00
Basel SBB,ICE,,,2022-05-30T09:02:00
Bern,ICE,2022-05-30T06:52:00,2022-05-30T06:52:53,2022-05-30T07:04:00
Basel SBB,ICE,2022-05-30T17:02:00,2022-05-30T17:04:46,
Basel SBB,IC3,2022-05-30T09:30:00,2022-05-30T09:31:08,
Basel SBB,IC3,,,2022-05-30T09:30:00
Basel SBB,IC3,,,2022-05-30T16:30:00
Bern,IC61,2022-05-30T07:24:00,,2022-05-30T07:36:00
Basel SBB,IC3,2022-05-30T19:30:00,2022-05-30T19:31:07,
Basel SBB,IC3,,,2022-05-30T12:30:00
Basel SBB,IC6,,,2022-05-30T08:28:00
Basel SBB,IC61,2022-05-30T12:32:00,,
Bern,IC61,2022-05-30T12:26:00,,2022-05-30T12:34:00
Basel SBB,IC61,2022-05-30T16:32:00,,
Basel SBB,IC61,,,2022-05-30T15:28:00
Basel SBB,IC3,2022-05-30T13:57:00,2022-05-30T13:58:31,
Basel SBB,IC3,2022-05-30T15:57:00,2022-05-30T15:58:10,
Bern,IC61,2022-05-30T17:24:00,,2022-05-30T17:36:00
Basel SBB,IC3,,,2022-05-30T20:02:00
Bern,IC6,2022-05-30T23:24:00,2022-05-30T23:32:41,
Bern,IC6,2022-05-30T22:26:00,,
Bern,IC61,2022-05-30T05:52:00,2022-05-30T05:52:52,2022-05-30T06:04:00
Basel SBB,IC61,2022-05-30T09:02:00,2022-05-30T09:04:49,
Basel SBB,IC61,,,2022-05-30T07:55:00
Bern,IC61,2022-05-30T11:56:00,2022-05-30T11:58:01,2022-05-30T12:04:00
Basel SBB,IC61,2022-05-30T22:02:00,2022-05-30T22:01:51,
Basel SBB,IC61,,,2022-05-30T20:55:00
Basel SBB,IC61,,,2022-05-30T21:55:00
Basel SBB,S1,,,2022-05-30T08:19:00
Basel SBB,S1,,,2022-05-30T10:19:00
Basel SBB,S1,,,2022-05-30T17:19:00
Basel SBB,S1,,,2022-05-30T18:19:00
Bern,IC,,,2022-05-30T16:10:00
Lausanne,IC5,2022-05-30T06:45:00,2022-05-30T06:44:13,
Lausanne,IC5,2022-05-30T08:45:00,2022-05-30T08:50:06,
Basel SBB,EC,2022-05-30T10:55:00,,2022-05-30T11:03:00
Lausanne,IC5,2022-05-30T10:45:00,2022-05-30T11:01:51,
Lausanne,IC5,,,2022-05-30T07:15:00
Lausanne,IC5,2022-05-30T11:45:00,2022-05-30T11:56:31,
Lausanne,IC5,,,2022-05-30T09:15:00
Lausanne,IC5,,,2022-05-30T12:15:00
Lausanne,IC5,,,2022-05-30T14:15:00
Lausanne,IC5,2022-05-30T18:45:00,2022-05-30T18:46:52,
Lausanne,IC5,,,2022-05-30T17:15:00
Lausanne,IC5,2022-05-30T21:45:00,2022-05-30T21:45:06,
Lausanne,IC5,,,2022-05-30T19:15:00
Lausanne,IC5,,,2022-05-31T00:18:00
Basel SBB,EC,2022-05-30T14:56:00,,
Basel SBB,IC51,,,2022-05-30T07:03:00
Basel SBB,IC51,,,2022-05-30T08:03:00
Basel SBB,IC51,,,2022-05-30T14:03:00
Basel SBB,IC51,2022-05-30T15:53:00,2022-05-30T15:53:35,
Basel SBB,IC51,,,2022-05-30T16:03:00
Basel SBB,IC51,2022-05-30T19:53:00,2022-05-30T19:54:18,
Basel SBB,IC51,,,
Basel SBB,S1,2022-05-30T07:23:00,2022-05-30T07:23:41,
Basel SBB,S,2022-05-30T07:51:00,,
Basel SBB,S,2022-05-30T07:42:00,2022-05-30T07:42:30,
Basel SBB,S,,,2022-05-30T16:26:00
Basel SBB,S,2022-05-30T19:00:00,2022-05-30T19:00:00,
Basel SBB,S,,,2022-05-30T17:56:00
Basel SBB,S,,,2022-05-30T17:46:00
Lausanne,IR90,2022-05-30T07:12:00,2022-05-30T07:11:01,2022-05-30T07:21:00
Basel SBB,S1,2022-05-30T07:41:00,2022-05-30T07:42:43,
Basel SBB,S1,,,2022-05-30T08:20:00
Basel SBB,S1,2022-05-30T09:41:00,2022-05-30T09:42:24,
Basel SBB,S1,,,2022-05-30T11:20:00
Basel SBB,S1,2022-05-30T12:41:00,2022-05-30T12:41:51,
Basel SBB,S1,,,2022-05-30T13:20:00
Basel SBB,S1,,,2022-05-30T14:20:00
Basel SBB,S1,,,2022-05-30T15:20:00
Basel SBB,S1,2022-05-30T17:41:00,2022-05-30T17:41:51,
Basel SBB,S1,,,2022-05-30T17:20:00
Lausanne,IR90,2022-05-30T11:12:00,2022-05-30T11:12:54,2022-05-30T11:21:00
Basel SBB,S1,,,2022-05-30T19:20:00
Basel SBB,S1,2022-05-30T20:41:00,2022-05-30T20:39:27,
Basel SBB,S1,,,2022-05-30T21:20:00
Basel SBB,S1,,,2022-05-30T22:20:00
Basel SBB,S1,2022-05-30T08:11:00,2022-05-30T08:11:48,
Basel SBB,S1,,,2022-05-30T07:50:00
Basel SBB,S1,,,2022-05-30T10:50:00
Basel SBB,S1,2022-05-30T12:11:00,2022-05-30T12:12:12,
Basel SBB,S1,2022-05-30T16:11:00,2022-05-30T16:11:04,
Lausanne,IR90,2022-05-30T17:39:00,2022-05-30T17:42:49,2022-05-30T17:48:00
Basel SBB,S1,2022-05-30T18:11:00,2022-05-30T18:15:26,
Basel SBB,S1,2022-05-31T01:11:00,2022-05-31T01:15:05,
Lausanne,IR90,2022-05-30T19:39:00,2022-05-30T19:38:49,2022-05-30T19:48:00
Basel SBB,S3,,,2022-05-30T04:40:00
Basel SBB,S3,2022-05-30T05:27:00,2022-05-30T05:27:11,2022-05-30T05:37:00
Basel SBB,S3,2022-05-30T06:27:00,2022-05-30T06:27:19,2022-05-30T06:37:00
Basel SBB,S3,2022-05-30T06:23:00,2022-05-30T06:31:39,2022-05-30T06:31:00
Basel SBB,S3,2022-05-30T07:27:00,2022-05-30T07:26:44,2022-05-30T07:37:00
Basel SBB,S3,2022-05-30T07:56:00,2022-05-30T07:57:44,2022-05-30T08:06:00
Basel SBB,S3,2022-05-30T07:50:00,2022-05-30T07:51:04,2022-05-30T08:01:00
Basel SBB,S3,2022-05-30T08:50:00,2022-05-30T08:52:49,2022-05-30T09:01:00
Lausanne,IR90,2022-05-30T19:12:00,2022-05-30T19:11:13,2022-05-30T19:21:00
Basel SBB,S3,2022-05-30T09:27:00,2022-05-30T09:28:00,2022-05-30T09:37:00
Basel SBB,S3,2022-05-30T10:27:00,2022-05-30T10:26:26,2022-05-30T10:37:00
Basel SBB,S3,2022-05-30T10:56:00,2022-05-30T10:57:08,2022-05-30T11:06:00
Basel SBB,S3,2022-05-30T10:50:00,2022-05-30T10:52:42,2022-05-30T11:01:00
Basel SBB,S3,2022-05-30T11:27:00,2022-05-30T11:27:52,2022-05-30T11:37:00
Lausanne,IR90,2022-05-30T21:39:00,2022-05-30T21:38:45,
Basel SBB,S3,2022-05-30T15:27:00,2022-05-30T15:26:47,2022-05-30T15:37:00
Basel SBB,S3,2022-05-30T17:56:00,2022-05-30T17:57:01,2022-05-30T18:06:00
Basel SBB,S3,2022-05-30T18:50:00,2022-05-30T18:51:40,2022-05-30T19:01:00
Basel SBB,S3,2022-05-30T19:27:00,2022-05-30T19:29:56,2022-05-30T19:37:00
Basel SBB,S3,2022-05-30T21:56:00,2022-05-30T21:55:59,2022-05-30T22:06:00
Basel SBB,S3,2022-05-31T01:01:00,,
Lausanne,IR90,2022-05-30T09:47:00,2022-05-30T09:48:18,2022-05-30T09:50:00
Lausanne,IR90,2022-05-30T15:47:00,,2022-05-30T15:50:00
Lausanne,IR90,2022-05-30T19:10:00,2022-05-30T19:09:31,2022-05-30T19:13:00
Lausanne,IR90,2022-05-30T18:47:00,2022-05-30T18:44:17,2022-05-30T18:50:00
Lausanne,IR90,2022-05-31T00:12:00,2022-05-31T00:14:39,
Lausanne,RE,2022-05-30T05:15:00,2022-05-30T05:14:51,
Lausanne,RE,2022-05-30T07:19:00,2022-05-30T07:19:53,2022-05-30T07:21:00
Lausanne,RE,2022-05-30T13:19:00,2022-05-30T13:18:32,2022-05-30T13:21:00
Lausanne,RE,2022-05-30T14:19:00,2022-05-30T14:19:38,2022-05-30T14:21:00
Bern,IR16,,,2022-05-30T06:33:00
Bern,IR16,,,2022-05-30T07:33:00
Bern,IR16,2022-05-30T10:24:00,2022-05-30T10:23:52,
Bern,IR16,,,2022-05-30T08:33:00
Bern,IR16,,,2022-05-30T14:33:00
Bern,IR16,2022-05-30T17:24:00,2022-05-30T17:24:52,
Bern,IR16,2022-05-30T18:24:00,2022-05-30T18:26:09,
Bern,IR16,,,2022-05-30T16:33:00
Bern,IR16,,,2022-05-30T20:33:00
Basel SBB,IR37,,,2022-05-30T05:43:00
Basel SBB,IR37,,,2022-05-30T08:43:00
Basel SBB,IR37,,,2022-05-30T09:43:00
Basel SBB,IR37,2022-05-30T16:13:00,,
Basel SBB,IR37,,,2022-05-30T15:43:00
Basel SBB,IR37,,,2022-05-30T20:43:00
Basel SBB,IR37,,,2022-05-30T22:43:00
Bern,IR35,,,2022-05-30T09:38:00
Bern,IR35,2022-05-30T15:21:00,2022-05-30T15:20:45,
Lausanne,S22,2022-05-30T06:35:00,2022-05-30T06:34:12,
Lausanne,S22,2022-05-30T07:35:00,2022-05-30T07:36:13,
Lausanne,S22,,,2022-05-30T07:40:00
Lausanne,S5,2022-05-30T23:35:00,2022-05-30T23:35:40,
Lausanne,S1,,,2022-05-30T07:54:00
Lausanne,S1,2022-05-30T09:05:00,2022-05-30T09:07:32,
Lausanne,S1,,,2022-05-30T09:54:00
Lausanne,S1,,,2022-05-30T13:54:00
Lausanne,S1,2022-05-30T15:05:00,2022-05-30T15:05:04,
Lausanne,S1,2022-05-31T00:05:00,2022-05-31T00:07:16,
Lausanne,S2,,,2022-05-30T05:01:00
Lausanne,S2,2022-05-30T05:59:00,2022-05-30T05:58:40,2022-05-30T06:01:00
Lausanne,IR,2022-05-30T17:51:00,2022-05-30T17:50:25,2022-05-30T17:56:00
Basel SBB,IR36,2022-05-30T06:50:00,2022-05-30T06:49:53,
Basel SBB,IR36,,,2022-05-30T05:11:00
Basel SBB,IR36,,,2022-05-30T10:11:00
Basel SBB,IR36,2022-05-30T16:48:00,,
Basel SBB,IR36,2022-05-30T23:48:00,,
Basel SBB,IR36,,,2022-05-31T00:11:00
Basel SBB,IR36,2022-05-30T07:32:00,2022-05-30T07:31:12,
Lausanne,S2,2022-05-30T06:59:00,2022-05-30T06:58:25,2022-05-30T07:01:00
Lausanne,S2,2022-05-30T09:59:00,2022-05-30T09:58:14,2022-05-30T10:01:00
Lausanne,S2,,2022-05-30T12:00:37,2022-05-30T12:01:00
Lausanne,S2,2022-05-30T12:59:00,2022-05-30T12:58:09,2022-05-30T13:01:00
Lausanne,S2,2022-05-30T20:59:00,2022-05-30T20:58:01,2022-05-30T21:01:00
Lausanne,S2,2022-05-30T20:59:00,2022-05-30T20:58:51,2022-05-30T21:01:00
Lausanne,S2,2022-05-30T21:59:00,2022-05-30T22:04:41,2022-05-30T22:01:00
Lausanne,S2,2022-05-30T23:59:00,2022-05-30T23:58:36,2022-05-31T00:15:00
Lausanne,S3,,2022-05-30T06:31:30,
Lausanne,S3,2022-05-30T11:32:00,2022-05-30T11:31:01,
Lausanne,S3,,,2022-05-30T13:26:00
Lausanne,S3,,,2022-05-30T14:26:00
Lausanne,S3,2022-05-30T18:32:00,2022-05-30T18:32:43,
Lausanne,S3,2022-05-30T19:32:00,2022-05-30T19:31:56,
Lausanne,S4,,,2022-05-30T05:04:00
Lausanne,S4,2022-05-30T07:55:00,2022-05-30T07:56:44,2022-05-30T07:58:00
Lausanne,S4,2022-05-30T12:02:00,2022-05-30T12:02:36,2022-05-30T12:04:00
Lausanne,S4,2022-05-30T14:55:00,2022-05-30T14:56:40,2022-05-30T14:58:00
Lausanne,S4,2022-05-30T18:55:00,2022-05-30T18:57:20,2022-05-30T18:58:00
Lausanne,S4,2022-05-30T20:02:00,2022-05-30T20:01:01,2022-05-30T20:04:00
Lausanne,S4,2022-05-30T20:55:00,2022-05-30T20:57:12,2022-05-30T20:58:00
Lausanne,S5,2022-05-30T07:28:00,2022-05-30T07:30:52,2022-05-30T07:30:00
Lausanne,S5,2022-05-30T14:28:00,2022-05-30T14:29:12,2022-05-30T14:30:00
Basel SBB,IR27,,,2022-05-30T07:16:00
Basel SBB,IR27,,,2022-05-30T08:16:00
Lausanne,S6,,,2022-05-30T10:33:00
Lausanne,S6,,,2022-05-30T11:33:00
Lausanne,S6,2022-05-30T13:27:00,2022-05-30T13:25:49,
Lausanne,S6,2022-05-30T14:27:00,2022-05-30T14:25:58,
Lausanne,S6,,,2022-05-30T17:33:00
Lausanne,S6,2022-05-30T18:27:00,2022-05-30T18:27:27,
Basel SBB,IR27,2022-05-30T12:45:00,,
Lausanne,S6,2022-05-30T21:27:00,2022-05-30T21:26:35,
Lausanne,S6,,,2022-05-30T23:33:00
Basel SBB,IR27,2022-05-30T13:45:00,,
Basel SBB,IR27,,,2022-05-30T15:16:00
Basel SBB,IR27,,,2022-05-30T18:16:00
Basel SBB,IR27,2022-05-30T21:45:00,,
Lausanne,S9,,,2022-05-30T17:13:00
Lausanne,S9,,,2022-05-30T19:13:00
Lausanne,S9,2022-05-30T19:48:00,2022-05-30T19:48:38,
Lausanne,S9,2022-05-30T22:48:00,2022-05-30T22:48:10,
Lausanne,S9,,,2022-05-30T23:13:00
Lausanne,IR15,2022-05-30T07:16:00,2022-05-30T07:16:45,2022-05-30T07:19:00
Bern,IR15,2022-05-30T07:00:00,2022-05-30T07:01:41,2022-05-30T07:04:00
Lausanne,IR15,2022-05-30T08:41:00,2022-05-30T08:42:28,2022-05-30T08:44:00
Bern,IR15,2022-05-30T09:56:00,2022-05-30T09:56:44,2022-05-30T10:00:00
Bern,IR15,2022-05-30T11:56:00,2022-05-30T11:55:52,2022-05-30T12:00:00
Bern,IR15,2022-05-30T13:00:00,2022-05-30T13:01:53,2022-05-30T13:04:00
Lausanne,IR15,2022-05-30T12:41:00,2022-05-30T12:41:14,2022-05-30T12:44:00
Bern,IR15,2022-05-30T15:56:00,2022-05-30T15:55:50,2022-05-30T16:00:00
Lausanne,IR15,2022-05-30T17:16:00,2022-05-30T17:16:33,2022-05-30T17:19:00
Bern,IR15,2022-05-30T16:56:00,2022-05-30T16:57:18,2022-05-30T17:00:00
Bern,IR15,2022-05-30T17:00:00,2022-05-30T17:01:15,2022-05-30T17:04:00
Lausanne,IR15,2022-05-30T19:41:00,2022-05-30T19:40:47,2022-05-30T19:44:00
Bern,IR15,2022-05-30T20:56:00,2022-05-30T20:56:28,2022-05-30T21:00:00
Lausanne,IR15,,,2022-05-30T21:44:00
Bern,IR15,2022-05-31T00:00:00,2022-05-31T00:01:29,
Bern,IR15,2022-05-31T01:00:00,2022-05-31T01:04:55,
Basel SBB,IC,,,2022-05-30T05:50:00
Basel SBB,ICE,2022-05-30T15:47:00,2022-05-30T16:03:41,
Basel SBB,ICE,2022-05-30T07:47:00,2022-05-30T07:48:32,2022-05-30T08:06:00
Basel SBB,S3,2022-05-30T23:56:00,2022-05-30T23:54:51,2022-05-31T00:06:00
Basel SBB,IR27,,,2022-05-30T08:14:00
Basel SBB,IR27,,,2022-05-30T12:14:00
Basel SBB,IR27,2022-05-30T20:47:00,2022-05-30T20:45:28,
Bern,EXT,2022-05-31T00:53:00,2022-05-31T00:53:13,
Basel SBB,IR36,2022-05-30T19:49:00,2022-05-30T19:48:44,
Basel SBB,IR36,2022-05-30T22:49:00,2022-05-30T22:48:12,
Basel SBB,IR37,,,2022-05-30T07:42:00
Basel SBB,IR37,2022-05-30T11:18:00,2022-05-30T11:18:06,
Basel SBB,IR37,,,2022-05-30T09:42:00
Basel SBB,IR37,2022-05-30T18:18:00,2022-05-30T18:20:36,
Basel SBB,IR37,2022-05-30T20:18:00,2022-05-30T20:14:22,
Basel SBB,IR37,2022-05-30T22:18:00,2022-05-30T22:14:37,
Basel SBB,IR37,2022-05-31T01:18:00,2022-05-31T01:19:03,
Basel SBB,IR37,,,2022-05-30T22:42:00
Lausanne,RE,2022-05-30T15:19:00,2022-05-30T15:17:08,2022-05-30T15:21:00
Lausanne,RE,2022-05-30T17:19:00,2022-05-30T17:16:58,2022-05-30T17:21:00
Lausanne,RE,2022-05-30T18:19:00,2022-05-30T18:16:46,2022-05-30T18:21:00
Lausanne,RE,2022-05-30T17:38:00,2022-05-30T17:36:39,2022-05-30T17:41:00
Lausanne,RE,2022-05-30T21:38:00,2022-05-30T21:36:54,
Lausanne,RE,2022-05-30T22:38:00,2022-05-30T22:41:40,
Lausanne,RE,2022-05-30T23:38:00,2022-05-30T23:43:32,
Lausanne,RE,2022-05-31T00:45:00,2022-05-31T00:44:54,
Lausanne,RE,,,2022-05-30T05:51:00
Lausanne,RE,2022-05-30T10:49:00,2022-05-30T10:49:06,2022-05-30T10:51:00
Lausanne,RE,2022-05-30T10:08:00,2022-05-30T10:07:39,2022-05-30T10:11:00
Lausanne,RE,2022-05-30T13:49:00,2022-05-30T13:47:39,2022-05-30T13:51:00
Lausanne,RE,,2022-05-30T16:48:41,2022-05-30T16:51:00
Lausanne,RE,2022-05-30T18:49:00,2022-05-30T18:48:02,2022-05-30T18:51:00
Lausanne,RE,2022-05-30T19:49:00,2022-05-30T19:46:38,2022-05-30T19:51:00
Lausanne,RE,2022-05-30T21:08:00,2022-05-30T21:09:01,2022-05-30T21:10:00
Lausanne,RE,,,2022-05-30T22:51:00
Lausanne,RE,2022-05-30T22:08:00,2022-05-30T22:09:37,
Basel SBB,TER,,,2022-05-30T17:38:00
Basel SBB,TER,2022-05-30T17:20:00,2022-05-30T17:20:32,
Basel SBB,TER,,,2022-05-30T18:08:00
Basel SBB,TER,,,2022-05-30T18:39:00
Basel SBB,TER,2022-05-30T18:20:00,2022-05-30T18:20:36,
Basel SBB,TER,,,2022-05-30T19:08:00
Basel SBB,TER,,,2022-05-30T20:38:00
Basel SBB,TER,,,2022-05-30T06:21:00
Basel SBB,TER,2022-05-30T10:08:00,2022-05-30T10:09:25,
Basel SBB,TER,,,2022-05-30T09:21:00
Basel SBB,TER,2022-05-30T13:08:00,2022-05-30T13:08:02,
Basel SBB,TER,,,2022-05-30T17:21:00
Basel SBB,TER,2022-05-30T20:38:00,2022-05-30T20:40:19,
Basel SBB,TER,,,2022-05-30T10:51:00
Basel SBB,TER,2022-05-30T14:08:00,2022-05-30T14:11:41,
Basel SBB,TER,2022-05-30T19:38:00,2022-05-30T19:39:50,
Basel SBB,IC61,,,2022-05-30T08:56:00
Bern,IC61,2022-05-30T09:56:00,,2022-05-30T10:04:00
Basel SBB,IC61,2022-05-30T11:01:00,,
Basel SBB,IC61,,,2022-05-30T10:56:00
Basel SBB,IC61,,,2022-05-30T12:56:00
Basel SBB,IC61,2022-05-30T15:01:00,,
Lausanne,TGV,2022-05-30T18:14:00,,
Basel SBB,IC61,2022-05-30T22:01:00,,
Bern,IC61,,,2022-05-31T00:08:00
Bern,IC61,2022-05-30T23:52:00,2022-05-30T23:53:17,
Basel SBB,IR36,,,2022-05-30T10:37:00
Basel SBB,IR36,,,2022-05-30T14:37:00
Basel SBB,IR36,2022-05-30T18:24:00,2022-05-30T18:24:15,
Basel SBB,IC6,2022-05-30T23:37:00,,
Lausanne,RE,2022-05-30T08:05:00,2022-05-30T08:06:16,2022-05-30T08:07:00
Bern,ICE,2022-05-30T18:56:00,,2022-05-30T19:04:00
Basel SBB,ICE,2022-05-30T21:49:00,2022-05-30T21:50:01,
Basel SBB,ICE,2022-05-30T19:53:00,,2022-05-30T20:09:00
Basel SBB,NJ,2022-05-30T22:53:00,,2022-05-30T23:13:00
Basel SBB,NJ,2022-05-30T06:20:00,2022-05-30T06:20:34,2022-05-30T06:45:00
Lausanne,EC,2022-05-30T19:14:00,2022-05-30T19:13:46,2022-05-30T19:18:00
Basel SBB,NJ,2022-05-30T20:53:00,,2022-05-30T21:13:00
Basel SBB,ICE,,,2022-05-30T05:37:00
Bern,EC,2022-05-30T10:24:00,,2022-05-30T10:36:00
Basel SBB,EC,2022-05-30T11:32:00,,
Bern,EC,2022-05-30T14:24:00,,2022-05-30T14:36:00
Bern,EC,2022-05-30T14:24:00,2022-05-30T14:46:23,2022-05-30T14:36:00
Basel SBB,IC3,,,2022-05-30T05:33:00
Basel SBB,EC,2022-05-30T22:32:00,,
Basel SBB,EC,,,2022-05-30T12:28:00
Basel SBB,IC3,,,2022-05-30T16:33:00
Basel SBB,IC3,2022-05-30T19:28:00,,
Basel SBB,IC3,,,2022-05-30T17:33:00
Basel SBB,IC3,2022-05-30T21:28:00,,
Bern,EC,2022-05-30T18:26:00,,2022-05-30T18:34:00
Basel SBB,IC3,,,2022-05-30T12:33:00
Basel SBB,IC21,,,2022-05-30T13:03:00
Basel SBB,IC21,,,2022-05-30T19:03:00
Basel SBB,IC21,2022-05-30T20:56:00,,
Basel SBB,IC21,2022-05-31T01:02:00,,
Basel SBB,EC,2022-05-30T13:33:00,2022-05-30T14:17:07,2022-05-30T13:56:00
Bern,IC1,,,2022-05-30T05:34:00
Bern,IC1,,,2022-05-30T05:29:00
Lausanne,IC1,2022-05-30T07:17:00,2022-05-30T07:16:26,2022-05-30T07:20:00
Lausanne,IC1,2022-05-30T08:17:00,2022-05-30T08:19:12,2022-05-30T08:20:00
Lausanne,IC1,2022-05-30T11:40:00,2022-05-30T11:41:14,2022-05-30T11:43:00
Lausanne,IC1,2022-05-30T09:17:00,2022-05-30T09:17:30,2022-05-30T09:20:00
Bern,IC1,2022-05-30T11:26:00,2022-05-30T11:24:58,2022-05-30T11:31:00
Bern,IC1,2022-05-30T12:28:00,2022-05-30T12:33:15,2022-05-30T12:34:00
Lausanne,IC1,2022-05-30T16:40:00,2022-05-30T16:42:56,2022-05-30T16:43:00
Bern,IC1,2022-05-30T17:26:00,2022-05-30T17:26:37,2022-05-30T17:31:00
Bern,IC1,2022-05-30T18:26:00,2022-05-30T18:25:29,2022-05-30T18:31:00
Basel SBB,ICE,2022-05-30T14:55:00,2022-05-30T15:06:22,2022-05-30T15:06:00
Lausanne,IC1,2022-05-30T20:17:00,2022-05-30T20:16:05,2022-05-30T20:20:00
Bern,IC1,2022-05-30T22:28:00,2022-05-30T22:28:15,2022-05-30T22:34:00
Lausanne,IC1,,,2022-05-30T22:20:00
Basel SBB,IC3,,,2022-05-30T10:06:00
Basel SBB,IC3,,,2022-05-30T11:06:00
Basel SBB,IC3,2022-05-30T13:53:00,,
Basel SBB,IC3,2022-05-30T16:53:00,,
Basel SBB,IC3,,,2022-05-30T20:06:00
Bern,IC8,2022-05-30T08:54:00,2022-05-30T08:57:25,2022-05-30T09:02:00
Bern,IC8,2022-05-30T10:58:00,2022-05-30T10:59:09,2022-05-30T11:07:00
Bern,IC8,2022-05-30T12:58:00,2022-05-30T12:58:17,2022-05-30T13:07:00
Bern,IC8,2022-05-30T19:58:00,2022-05-30T19:57:23,2022-05-30T20:07:00
Bern,IC8,2022-05-30T20:58:00,2022-05-30T20:58:18,
Basel SBB,TGV,2022-05-30T16:28:00,,2022-05-30T16:34:00
Lausanne,TGV,2022-05-30T21:37:00,2022-05-30T21:40:02,
Bern,IC61,,,2022-05-30T08:04:00
Basel SBB,TER,2022-05-30T07:20:00,2022-05-30T07:22:49,
Basel SBB,TER,,,2022-05-30T08:39:00
Basel SBB,TER,2022-05-30T08:50:00,2022-05-30T08:57:49,
Basel SBB,TER,,,2022-05-30T13:38:00
Basel SBB,TER,2022-05-30T12:50:00,2022-05-30T12:50:21,
Basel SBB,TER,2022-05-30T13:50:00,2022-05-30T13:52:56,
Basel SBB,TER,2022-05-30T14:50:00,2022-05-30T14:52:58,