,average_speed_kmph,average_heartrate,moving_time,total_elevation_gain,moving_time_h,length_km
0,5.05654628,,1:00:42,73.0,1.01,5.1071117428
1,5.487849400000001,,0:46:22,36.1,0.77,4.225644038
2,5.26736982,,0:45:05,16.0,0.75,3.950527365
3,5.2448390599999986,,0:39:28,10.0,0.66,3.4615937795999994
4,5.18529348,,0:39:37,12.0,0.66,3.4222936968
5,4.71053818,,0:55:12,87.0,0.92,4.3336951256
6,4.95998588,,0:52:13,53.0,0.87,4.3151877156
7,5.11931054,158.3,0:46:57,249.0,0.78,3.9930622212
8,4.38867018,127.4,0:11:18,41.0,0.19,0.8338473342
9,5.236792359999999,,0:40:53,2.0,0.68,3.5610188047999998
10,4.87951888,,0:52:19,172.0,0.87,4.2451814256
11,3.39248872,,0:11:45,26.0,0.2,0.678497744
12,3.07866742,,1:59:13,911.0,1.99,6.1265481658
13,7.967842340000002,,0:52:50,244.0,0.88,7.011701259200001
14,2.4301034,,3:28:24,440.0,3.47,8.432458798
15,4.28406308,,0:33:22,165.0,0.56,2.3990753248000005
16,2.54919456,107.0,2:02:03,172.0,2.03,5.1748649568
17,4.70249148,,0:29:29,107.0,0.49,2.3042208252
18,4.32429658,,0:55:52,252.0,0.93,4.021595819400001
19,4.76686508,,0:32:34,13.0,0.54,2.5741071432
20,4.968032579999999,,0:46:22,19.0,0.77,3.8253850865999994
21,4.67352336,,0:52:12,32.0,0.87,4.0659653231999995
22,4.47718388,,0:28:40,25.0,0.48,2.1490482624
23,4.8280199999999995,,1:30:15,117.0,1.5,7.24203
24,4.97607928,132.8,0:52:20,22.0,0.87,4.3291889736
25,5.78718664,,1:03:42,57.7,1.06,6.1344178384
26,4.88756558,,0:53:09,29.0,0.89,4.3499333662
27,4.894002940000001,,0:31:45,11.0,0.53,2.5938215582000006
28,3.6757325600000006,,0:03:13,0.0,0.05,0.18378662800000004
29,5.603721879999998,,0:48:20,224.0,0.81,4.539014722799999
30,4.110254360000001,,0:19:12,59.0,0.32,1.3152813952000002
31,5.1257479,,0:33:41,7.0,0.56,2.8704188240000006
32,5.76626522,,0:54:22,26.0,0.91,5.247301350200001
33,2.18548372,,0:36:50,0.0,0.61,1.3331450692
34,4.81514528,,0:32:20,7.0,0.54,2.6001784512
35,4.66547666,,1:08:31,33.0,1.14,5.3186433924
36,4.968032579999999,,0:48:21,66.0,0.81,4.024106389799999
37,5.1177012,142.5,0:50:45,14.0,0.85,4.35004602
38,5.12091988,137.2,0:48:50,13.0,0.81,4.1479451028000005
39,4.795833200000001,134.6,0:49:40,9.0,0.83,3.9805415560000004
40,2.9000306799999995,,0:49:17,459.0,0.82,2.3780251575999993
41,4.60593108,,0:11:45,43.0,0.2,0.9211862160000002
42,5.45727194,,0:12:53,9.0,0.21,1.1460271074
43,4.48362124,,0:08:05,19.0,0.13,0.5828707612
44,3.33455248,,0:27:01,465.0,0.45,1.5005486160000001
45,5.33979012,,0:38:25,56.0,0.64,3.4174656768
46,2.2047958000000003,118.7,0:37:37,0.0,0.63,1.3890213540000003
47,5.460490620000002,,0:47:35,7.0,0.79,4.313787589800001
48,2.0647832200000003,,2:24:06,702.0,2.4,4.955479728
49,5.48141204,,0:44:08,33.0,0.74,4.0562449096
50,5.25127642,,0:33:04,9.0,0.55,2.888202031
51,3.2750069,135.2,1:16:31,674.0,1.28,4.192008832
52,3.70309134,,1:26:13,799.0,1.44,5.332451529599999
53,4.79422386,,0:46:58,33.0,0.78,3.7394946108
54,5.41703844,,0:38:02,7.0,0.63,3.4127342171999997
55,5.16920008,,0:52:07,89.0,0.87,4.4972040696
56,5.1337946,,0:40:15,8.0,0.67,3.439642382
57,5.21908962,,0:44:35,152.0,0.74,3.8621263188
58,5.03562486,,0:36:55,11.0,0.62,3.1220874132
59,4.96642324,144.0,0:49:01,179.0,0.82,4.0724670568
60,1.99719094,,0:31:12,99.0,0.52,1.0385392888
61,4.926189740000001,143.4,0:39:24,143.0,0.66,3.2512852284000004
62,5.544176299999998,,0:57:16,178.0,0.95,5.266967484999999
63,1.96661348,,1:26:19,292.0,1.44,2.8319234111999996
64,5.46531864,,0:44:27,37.0,0.74,4.044335793599999
65,5.3188687,,0:10:53,2.0,0.18,0.957396366
66,4.88917492,,1:08:38,28.0,1.14,5.5736594088
67,4.56891626,,0:32:05,18.0,0.53,2.4215256178
68,5.1354039400000016,,0:29:30,6.0,0.49,2.5163479306000007
69,5.2384017,,0:55:13,20.0,0.92,4.819329564
70,7.46090024,,0:42:37,34.0,0.71,5.2972391704
71,7.5751633799999984,,0:47:22,42.0,0.79,5.984379070199999
72,5.04689024,,0:35:06,19.0,0.59,2.9776652415999996
73,4.77491178,,0:33:45,4.0,0.56,2.6739505968
74,2.37216716,,1:25:11,466.0,1.42,3.3684773672
75,1.7252124800000002,,4:49:08,1135.0,4.82,8.315524153600002
76,2.3737765,,1:15:17,202.0,1.25,2.967220625
77,5.0855144,,0:51:54,35.0,0.86,4.373542384
78,8.782168380000002,,0:36:57,34.0,0.62,5.444944395600001
79,4.41281028,76.0,0:44:30,175.0,0.74,3.2654796072
80,4.98251664,,0:36:18,46.0,0.6,2.989509984
81,4.91492436,,0:46:58,49.0,0.78,3.8336410007999997
82,5.02275014,,0:33:44,29.0,0.56,2.8127400784000005
83,3.99599122,,0:36:20,221.0,0.61,2.4375546442
84,4.92136172,,0:40:36,14.0,0.68,3.3465259696000005
85,5.22552698,,0:55:23,47.0,0.92,4.8074848216
86,5.1579347,,0:31:07,11.0,0.52,2.6821260440000003
87,6.4856402000000015,,0:35:53,16.0,0.6,3.8913841200000006
88,7.16478168,,0:22:28,11.0,0.37,2.6509692216
89,7.917952799999999,,0:20:18,9.0,0.34,2.692103952
90,5.040452879999999,,0:19:59,3.0,0.33,1.6633494504
91,7.428713440000001,,1:32:54,76.0,1.55,11.514505832000001
92,7.0553465599999985,,0:59:02,31.0,0.98,6.914239628799998
93,6.84935104,,1:02:08,61.0,1.04,7.1233250816
94,4.7652557400000015,,0:28:06,57.0,0.47,2.2396701978000007
95,7.024769099999999,,0:51:52,38.0,0.86,6.0413014259999995
96,2.11467276,,12:03:23,3230.0,12.06,25.5029534856
97,2.7680648,,14:58:14,5512.0,14.97,41.437930056
98,4.6509926,,0:29:47,62.0,0.5,2.3254963
99,5.233573679999999,,0:26:32,70.0,0.44,2.3027724191999996
100,4.7813491400000006,,0:37:18,180.0,0.62,2.9644364668000005
101,4.87951888,,0:32:48,87.0,0.55,2.6837353840000002
102,2.00684698,,1:08:32,511.0,1.14,2.2878055572
103,3.31684974,,1:11:22,621.0,1.19,3.9470511906
104,4.54155748,,0:05:30,2.0,0.09,0.40874017319999995
105,5.12735724,,0:43:04,35.0,0.72,3.6916972128
106,4.82319198,,0:42:50,74.0,0.71,3.4244663057999998
107,4.99378202,140.1,1:18:27,111.0,1.31,6.5418544462
108,1.91350526,,1:04:44,8.0,1.08,2.0665856808000003
109,7.00223834,,2:45:35,133.0,2.76,19.326177818399998
110,5.2400110400000015,143.3,1:00:09,79.0,1.0,5.2400110400000015
111,5.17563744,,0:42:25,8.0,0.71,3.6747025823999997
112,10.00043876,,0:32:14,34.0,0.54,5.4002369304
113,1.18769292,,0:58:31,0.0,0.98,1.1639390615999998
114,9.44038844,,0:34:21,30.0,0.57,5.381021410799999
115,6.80911754,,0:09:27,3.0,0.16,1.0894588064
116,7.166391020000002,,0:07:03,4.0,0.12,0.8599669224000002
117,5.27702586,,0:51:10,21.0,0.85,4.485471981
118,4.83284802,,0:09:03,3.0,0.15,0.724927203
119,5.0822957199999985,,0:37:07,23.0,0.62,3.1510233463999993
120,5.28024454,151.7,1:37:20,116.0,1.62,8.5539961548
121,4.834457359999999,,0:56:02,28.0,0.93,4.4960453448
122,4.70088214,,0:45:38,75.0,0.76,3.5726704264
123,5.08873308,,0:34:16,4.0,0.57,2.9005778556
124,9.92640912,,0:32:31,40.0,0.54,5.3602609248
125,10.25632382,,0:31:26,25.0,0.52,5.3332883864000005
126,7.684598500000001,95.7,2:17:36,112.0,2.29,17.597730565000003
127,5.2786352,,0:45:20,60.0,0.76,4.011762752
128,7.13581356,,0:46:39,34.0,0.78,5.5659345768
129,7.491477700000001,,0:45:06,27.0,0.75,5.618608275000001
130,9.90709704,,0:32:40,37.0,0.54,5.3498324016000005
131,6.64335552,,0:05:54,5.0,0.1,0.664335552
132,0.0,125.0,1:06:49,0.0,1.11,0.0
133,0.98491608,,0:45:37,0.0,0.76,0.7485362208
134,5.31243134,,0:47:29,18.0,0.79,4.1968207586
135,9.32773464,,1:56:27,113.0,1.94,18.095805201599998
136,5.32530606,,0:52:56,82.0,0.88,4.6862693328
137,5.3349621,,0:30:56,13.0,0.52,2.774180292
138,6.767274700000001,,1:22:07,66.0,1.37,9.271166339000002
139,5.42186646,,0:51:38,12.0,0.86,4.6628051556
140,4.59949372,,0:41:14,68.0,0.69,3.1736506667999995
141,5.165981400000001,,0:34:22,6.0,0.57,2.944609398
142,5.188512159999998,,0:55:28,199.0,0.92,4.773431187199999
143,4.48040256,,0:02:44,0.0,0.05,0.224020128
144,4.615587120000002,,0:53:23,261.0,0.89,4.107872536800001
145,3.00785646,,0:50:36,76.0,0.84,2.5265994264000002
146,2.42044736,,1:11:29,109.0,1.19,2.8803323583999996
147,3.98955386,,0:06:56,25.0,0.12,0.47874646319999997
148,5.08873308,,1:02:57,103.0,1.05,5.343169734
149,8.6341091,,0:36:35,14.0,0.61,5.266806551
150,5.00182872,,0:57:02,95.0,0.95,4.751737284
151,7.58964744,,0:59:02,45.0,0.98,7.4378544912
152,4.255094959999999,,0:39:51,240.0,0.66,2.8083626735999996
153,5.3317434200000005,,0:45:34,36.0,0.76,4.0521249992
154,5.60211254,,0:48:46,7.0,0.81,4.5377111574
155,4.9487205,,0:44:21,14.0,0.74,3.66205317
156,5.35749286,,0:41:16,18.0,0.69,3.6966700733999995
157,4.87790954,,0:37:59,12.0,0.63,3.0730830102
158,1.67693228,,1:49:20,295.0,1.82,3.0520167496
159,3.18488386,,2:53:57,1262.0,2.9,9.236163194
160,5.296337940000001,,0:28:37,4.0,0.48,2.5422422112000005
161,7.45285354,,1:09:10,59.0,1.15,8.570781571
162,7.99520112,,1:09:44,66.0,1.16,9.2744332992
163,5.04206222,,0:48:21,57.0,0.81,4.084070398200001
164,4.82319198,132.8,0:38:46,12.0,0.65,3.135074787
165,7.40779202,,0:54:24,33.0,0.91,6.7410907382
166,2.90324936,,0:35:13,50.0,0.59,1.7129171223999997
167,2.39630726,,13:38:04,5194.0,13.63,32.6616679538
168,5.1981682000000005,,0:30:34,6.0,0.51,2.6510657820000003
169,4.625243159999999,,0:49:35,33.0,0.83,3.838951822799999
170,4.98412598,,0:45:17,9.0,0.75,3.738094485
171,5.58762848,,1:42:32,50.0,1.71,9.5548447008
172,5.558660359999998,145.3,0:56:57,10.0,0.95,5.280727341999998
173,4.5141987000000015,,0:51:06,8.0,0.85,3.837068895000001
174,4.95032984,,0:39:22,22.0,0.66,3.2672176944
175,5.99318216,,0:57:56,37.0,0.97,5.8133866952
176,7.25973274,,1:18:23,65.0,1.31,9.5102498894
177,4.64133656,,0:20:37,43.0,0.34,1.5780544304000002
178,5.00343806,,1:17:54,255.0,1.3,6.504469478
179,5.08712374,,0:38:47,48.0,0.65,3.3066304310000003
180,3.91713356,,0:44:32,433.5,0.74,2.8986788344
181,4.00242858,,1:07:00,515.5,1.12,4.4827200096
182,2.71817526,,0:08:21,98.0,0.14,0.3805445364000001
183,1.89580252,,2:54:43,573.0,2.91,5.5167853332
184,2.58942806,,0:57:38,14.0,0.96,2.4858509376
185,5.86121628,,0:59:28,48.0,0.99,5.8026041172
186,4.9165337000000005,,0:38:52,5.0,0.65,3.1957469050000005
187,5.174028099999999,,0:26:00,198.0,0.43,2.2248320829999995
188,4.22129882,,0:10:47,19.0,0.18,0.7598337876000001
189,5.455662599999999,,0:05:25,1.0,0.09,0.4910096339999999
190,4.6509926,,1:26:33,395.0,1.44,6.697429344000001
191,5.77270258,,1:07:29,24.0,1.12,6.465426889600001
192,5.3751956,,1:10:35,58.0,1.18,6.342730807999999
193,5.1901215,,1:04:49,37.6,1.08,5.60533122
194,5.37197692,,0:33:02,17.6,0.55,2.954587306
195,5.29794728,,1:00:12,69.4,1.0,5.29794728
196,4.88756558,,0:43:22,8.0,0.72,3.5190472176000003
197,4.33395262,,0:45:43,4916.0,0.76,3.2938039912
198,5.429913159999999,,1:47:39,112.0,1.79,9.719544556399999
199,4.894002940000001,,0:43:18,19401.0,0.72,3.5236821168000003
200,3.30236568,,1:02:28,547.0,1.04,3.4344603072
201,4.86342548,,0:23:28,79.0,0.39,1.8967359372
202,1.66244822,,3:20:14,827.0,3.34,5.5525770547999995
203,2.02133104,,2:01:44,528.0,2.03,4.1033020112
204,3.65642048,,0:51:23,321.0,0.86,3.1445216127999998
205,5.26736982,,1:54:10,17469.0,1.9,10.008002657999999
206,2.8050796200000003,,0:59:36,23.0,0.99,2.7770288238000003
207,4.80709858,,0:20:17,1.0,0.34,1.6344135172
208,4.84250406,127.1,0:27:18,2.0,0.46,2.2275518676000003
209,7.34985578,107.2,0:01:04,8.0,0.02,0.1469971156
210,6.941083419999999,173.6,0:38:42,33.0,0.65,4.511704223
211,4.527073420000002,131.0,0:27:45,18.0,0.46,2.082453773200001
212,4.8698628400000015,,0:29:34,14.0,0.49,2.386232791600001
213,5.3285247400000015,,0:49:31,11.0,0.83,4.4226755342000015
214,9.047709480000002,,1:03:08,78.0,1.05,9.500094954000001
215,5.31725936,,0:45:41,71.0,0.76,4.0411171136
216,5.1901215,,0:24:58,7.0,0.42,2.17985103
217,5.758218520000002,,0:51:13,17.0,0.85,4.894485742000001
218,5.800061359999999,,0:42:56,19.0,0.72,4.176044179199999
219,5.0790770400000005,,0:35:35,18.0,0.59,2.9966554536000003
220,4.67352336,,0:38:52,4.0,0.65,3.037790184
221,5.86443496,,0:57:55,16.0,0.97,5.6885019111999995
222,4.75881838,73.3,1:01:14,428.0,1.02,4.8539947476
223,6.4727654800000005,,4:12:38,28620.0,4.21,27.250342670800002
224,6.0672118,,0:54:32,0.0,0.91,5.521162738
225,5.23518302,,0:30:33,10.0,0.51,2.6699433402
226,1.92637998,,0:53:51,192.0,0.9,1.7337419820000002
227,5.46209996,,0:44:17,14656.0,0.74,4.0419539704
228,5.54095762,,0:37:35,5.0,0.63,3.4908033006
229,3.78033966,,0:18:35,155.0,0.31,1.1719052946
230,3.4198475,,0:50:28,542.0,0.84,2.8726719
231,2.39308858,,4:04:32,18957.0,4.08,9.7638014064
232,5.14345064,,0:39:59,47.0,0.67,3.4461119288
233,5.5538323400000005,,1:45:13,5302.0,1.75,9.719206595000001
234,5.1257479,138.9,0:07:12,24.0,0.12,0.615089748
235,4.91814304,145.1,0:06:27,4.0,0.11,0.5409957344
236,7.250076700000001,168.5,0:19:03,12.0,0.32,2.3200245440000002
237,5.19655886,129.2,0:20:14,9.0,0.34,1.7668300124
238,5.053327599999999,,0:39:35,33.0,0.66,3.335196216
239,5.487849400000001,,0:42:14,0.0,0.7,3.8414945800000004
240,5.15310668,,0:39:20,9.0,0.66,3.4010504087999998
241,5.8242014599999985,,0:54:42,22.0,0.91,5.300023328599999
242,5.48141204,,0:30:29,17.0,0.51,2.7955201404000003
243,5.58280046,,1:01:01,62.0,1.02,5.6944564691999995
244,5.4154291,,0:42:54,47.0,0.71,3.8449546609999996
245,5.39611702,,0:33:22,21.0,0.56,3.0218255312
246,2.58460004,,1:00:56,19.0,1.02,2.6362920408000003
247,5.0967797799999985,,0:20:00,0.0,0.33,1.6819373273999996
248,3.75459022,,1:04:44,0.0,1.08,4.0549574376
249,3.11085422,,0:50:00,0.0,0.83,2.5820090025999995
250,2.68276978,,0:31:00,0.0,0.52,1.3950402856000002
251,5.31565002,,1:38:38,108.0,1.64,8.717666032799999
252,4.19072136,,0:04:28,6.0,0.07,0.29335049520000006
253,6.23458316,,0:39:54,254.0,0.67,4.1771707172
254,4.80227056,,0:13:36,61.0,0.23,1.1045222288
255,5.1354039400000016,,0:34:39,7.0,0.58,2.9785342852000007
256,5.41221042,,0:43:31,9.0,0.73,3.9509136066
257,5.9304179,,0:58:53,102.0,0.98,5.811809542
258,5.2721978400000005,,0:33:55,17.0,0.57,3.0051527688
259,5.85960694,,0:39:40,65.0,0.66,3.8673405804
260,5.053327599999999,,0:06:32,1.0,0.11,0.555866036
261,2.39147924,,0:31:38,0.0,0.53,1.2674839972
262,5.2271363200000005,,0:07:01,0.0,0.12,0.6272563584
263,5.81293608,,0:50:17,2739.0,0.84,4.8828663072
264,5.43635052,,0:31:48,11.0,0.53,2.8812657756
265,4.95032984,,1:28:40,231.0,1.48,7.3264881632000005
266,5.42186646,,0:47:46,243.0,0.8,4.337493168000001
267,5.09838912,,0:38:48,6.0,0.65,3.3139529280000004
268,5.25610444,,0:06:34,2.0,0.11,0.5781714884
269,3.3554739000000002,,0:38:52,0.0,0.65,2.1810580350000004
270,5.17080942,,0:07:05,4.0,0.12,0.6204971304
271,5.87087232,,0:47:00,8.0,0.78,4.5792804096
272,3.876900060000001,,1:08:05,16.0,1.13,4.3808970678
273,3.1832745200000003,,1:15:32,644.0,1.26,4.010925895200001
274,3.5019238400000003,,1:22:22,670.0,1.37,4.797635660800001
275,4.14083182,,0:46:01,470.0,0.77,3.1884405014
276,2.01650302,,1:31:37,469.0,1.53,3.0852496206
277,5.63751802,137.2,1:09:08,46.0,1.15,6.483145723
278,5.53934828,,0:30:51,8.0,0.51,2.8250676228
279,4.9245804,,0:43:54,7.0,0.73,3.5949436919999997
280,4.6590393,,1:32:47,276.0,1.55,7.221510915
281,4.47718388,,0:02:48,3.0,0.05,0.223859194
282,5.68579822,,0:43:38,257.0,0.73,4.150632700599999
283,4.2406109,,0:19:28,70.0,0.32,1.3569954880000001
284,5.083905059999998,,0:54:40,11.0,0.91,4.6263536045999984
285,5.37680494,,0:48:18,16.0,0.81,4.355212001400001
286,5.233573679999999,,0:29:41,7.0,0.49,2.5644511031999997
287,5.32530606,,0:06:55,0.0,0.12,0.6390367271999999
288,2.94992022,,0:30:00,0.0,0.5,1.47496011
289,5.28507256,,0:04:09,2.5,0.07,0.36995507920000004
290,5.2544951,,1:19:35,204.0,1.33,6.988478483
291,5.5715350799999985,138.1,0:51:20,16.0,0.86,4.791520168799999
292,5.36875824,,1:00:07,26.0,1.0,5.36875824
293,5.18529348,,0:34:45,5.0,0.58,3.0074702184
294,5.10804516,,0:30:09,13.0,0.5,2.55402258
295,4.908487,,1:28:51,248.0,1.48,7.26456076
296,4.05070878,,0:02:14,2.0,0.04,0.1620283512
297,5.6262526400000015,,0:43:01,246.0,0.72,4.050901900800001
298,4.4578718,,0:13:24,49.0,0.22,0.980731796
299,4.892393599999999,,0:36:18,10.0,0.6,2.9354361599999996
300,5.0629836400000015,,0:39:24,81.0,0.66,3.341569202400001
301,4.2325642,,0:45:00,0.0,0.75,3.17442315
302,4.79261452,,0:24:21,23.0,0.41,1.9649719531999998
303,4.660648640000002,129.7,1:37:55,332.0,1.63,7.596857283200002
304,5.10643582,,0:51:33,86.0,0.86,4.3915348052
305,5.14505998,,0:43:17,16.0,0.72,3.7044431855999997
306,5.1949495200000015,,0:06:07,0.0,0.1,0.5194949520000002
307,3.2830536,,0:40:02,0.0,0.67,2.1996459120000003
308,5.355883520000001,,0:06:32,4.9,0.11,0.5891471872000001
309,5.21748028,,0:29:33,49.4,0.49,2.5565653372
310,5.1418412999999985,,0:57:45,110.5,0.96,4.936167647999999
311,5.87891902,,0:41:04,0.0,0.68,3.9976649336
312,5.0211407999999995,141.7,0:52:20,460.0,0.87,4.368392495999999
313,5.5715350799999985,,0:42:31,29.0,0.71,3.955789906799999
314,5.28185388,,0:40:01,40.0,0.67,3.5388420996
315,5.0967797799999985,,0:38:26,351.0,0.64,3.261939059199999
316,5.28024454,,0:38:47,835.0,0.65,3.432158951
317,5.25932312,,0:28:18,3.0,0.47,2.4718818664
318,5.18690282,,0:24:10,30.0,0.4,2.074761128
319,5.6005032,,0:35:01,9.0,0.58,3.248291856
320,5.41703844,,0:46:18,8.0,0.77,4.1711195988
321,5.4798027000000005,130.0,0:07:38,1.0,0.13,0.7123743510000001
322,5.7292504,137.2,0:15:34,3.0,0.26,1.489605104
323,5.32208738,120.6,0:16:56,2.0,0.28,1.4901844664000001
324,5.02435948,,0:06:51,1.0,0.11,0.5526795428
325,2.6715044,,0:27:25,0.0,0.46,1.228892024
326,4.9583765400000015,,0:07:26,2.0,0.12,0.5950051848000002
327,5.84834156,,0:46:12,11.0,0.77,4.5032230012
328,5.40899174,,0:44:48,6.0,0.75,4.056743805
329,5.2609324599999985,,0:59:35,36.0,0.99,5.208323135399999
330,5.03240618,131.9,0:07:04,2.0,0.12,0.6038887416
331,6.701291759999998,164.8,0:20:16,3.0,0.34,2.2784391983999996
332,5.14505998,132.1,0:15:02,2.0,0.25,1.286264995
333,5.223917640000002,,0:54:53,88.0,0.91,4.753765052400001
334,5.62947132,,0:34:46,18.0,0.58,3.2650933656
335,5.48302138,,0:06:15,0.0,0.1,0.548302138
336,3.7899957000000004,,0:43:53,0.0,0.73,2.7666968610000002
337,5.3607115400000005,,0:06:50,2.0,0.11,0.5896782694
338,5.75499984,142.2,0:41:13,29.0,0.69,3.9709498895999995
339,4.015303299999999,,1:18:25,550.0,1.31,5.260047322999999
340,4.04266208,,1:08:16,591.0,1.14,4.6086347712
341,5.58762848,,0:48:30,27.0,0.81,4.525979068800001
342,4.610759099999999,,0:35:44,186.0,0.6,2.7664554599999995
343,5.24162038,,0:33:00,5.0,0.55,2.882891209
344,5.1901215,,0:35:15,44.0,0.59,3.062171685
345,2.6956444999999998,,6:53:02,3956.0,6.88,18.546034159999998
346,5.594065840000002,,0:35:58,10.0,0.6,3.356439504000001
347,5.50877082,,0:37:41,10.0,0.63,3.4705256166
348,5.42669448,,0:46:57,63.0,0.78,4.2328216944
349,5.91593384,,0:06:12,1.0,0.1,0.591593384
350,2.34480838,,0:22:33,0.0,0.38,0.8910271844
351,5.3880703200000015,,0:06:49,1.0,0.11,0.5926877352000002
352,5.310822,,0:46:55,27.0,0.78,4.14244116
353,5.29150992,,0:35:08,4.0,0.59,3.1219908527999998
354,5.36232088,,0:58:22,37.0,0.97,5.2014512536
355,7.05856524,,4:17:00,200.0,4.28,30.2106592272
356,5.44117854,,0:29:15,12.0,0.49,2.6661774846
357,5.32047804,,0:51:19,22.0,0.86,4.5756111144
358,3.3522552200000004,,0:08:03,2.0,0.13,0.43579317860000005
359,6.035025,,1:00:26,38.0,1.01,6.09537525
360,5.8242014599999985,,0:35:12,4.0,0.59,3.436278861399999
361,5.3027753,,0:32:39,5.0,0.54,2.8634986620000005
362,5.05171826,130.5,1:05:20,29.0,1.09,5.506372903400001
363,5.64717406,,0:29:44,32.0,0.5,2.82358703
364,5.6648768,,0:39:55,28.0,0.67,3.7954674560000004
365,5.85960694,,0:59:32,54.0,0.99,5.8010108706
366,4.51741738,128.2,0:46:00,241.0,0.77,3.4784113826000005
367,4.91492436,,0:38:09,99.0,0.64,3.1455515903999998
368,5.35427418,,0:33:49,32.0,0.56,2.9983935408000004
369,5.268979159999999,,0:37:16,36.0,0.62,3.266767079199999
370,5.14345064,,1:03:32,65.0,1.06,5.4520576784
371,4.85859746,,0:45:05,187.0,0.75,3.6439480950000003
372,5.37197692,,0:46:24,43.0,0.77,4.1364222284
373,4.80709858,,1:09:44,185.0,1.16,5.576234352799999
374,4.91814304,,0:57:18,215.0,0.95,4.672235888
375,5.2464483999999985,,0:23:57,24.0,0.4,2.0985793599999996
376,4.45304378,,0:42:34,54.0,0.71,3.1616610838
377,5.3494461599999985,,0:39:10,62.0,0.65,3.4771400039999993
378,4.7813491400000006,,0:45:21,11.0,0.76,3.6338253464000005
379,4.56891626,124.2,0:48:17,50.0,0.8,3.655133008
380,5.099998459999999,,0:33:41,37.0,0.56,2.8559991376
381,5.26736982,,1:12:45,48.0,1.21,6.3735174822
382,4.81675462,131.1,0:36:04,7.0,0.6,2.890052772
383,5.79523334,,0:50:45,16.0,0.85,4.9259483390000005
384,5.7533905,,0:39:12,24.0,0.65,3.7397038250000003
385,5.3912889999999996,,1:01:01,39.0,1.02,5.499114779999999
386,4.97607928,129.5,0:32:23,4.0,0.54,2.6870828112000003
387,5.38485164,146.1,1:08:58,31.0,1.15,6.192579385999999
388,5.60694056,,0:57:37,51.0,0.96,5.3826629376
389,4.84250406,136.4,1:01:49,41.0,1.03,4.987779181800001
390,5.25771378,140.0,0:47:30,30.0,0.79,4.1535938861999995
391,5.35427418,153.0,0:25:12,166.0,0.42,2.2487951556
392,4.84250406,157.1,0:14:59,7.0,0.25,1.210626015
393,5.1096545,,0:21:00,0.0,0.35,1.788379075
394,2.7922048999999998,,1:04:35,218.0,1.08,3.015581292
395,5.236792359999999,,0:41:32,5.0,0.69,3.613386728399999
396,5.294728599999999,133.4,0:27:58,15.0,0.47,2.4885224419999994
397,4.83284802,130.7,0:35:20,3.0,0.59,2.8513803317999997
398,4.7797398000000015,,0:43:24,84.0,0.72,3.441412656000001
399,4.73467828,,0:40:20,45.0,0.67,3.1722344476
400,4.44660642,,0:09:26,4.0,0.16,0.7114570272
401,4.21486146,,1:01:05,63.0,1.02,4.2991586891999996
402,5.22069896,138.0,0:50:21,9.0,0.84,4.3853871263999995
403,4.602712400000001,131.8,0:40:32,3.0,0.68,3.1298444320000005
404,5.4315225,143.6,0:31:10,11.0,0.52,2.8243917
405,5.54578564,,0:48:36,76.0,0.81,4.492086368400001
406,5.06620232,,0:45:56,64.0,0.77,3.9009757864000005
407,4.467527840000002,119.5,0:40:09,4.0,0.67,2.9932436528000013
408,5.26736982,,0:25:38,185.0,0.43,2.2649690226
409,4.72180356,,0:09:20,9.0,0.16,0.7554885696
410,5.09517044,,0:33:04,28.0,0.55,2.8023437420000006
411,3.74815286,,0:52:51,265.0,0.88,3.2983745168
412,4.44016906,,2:03:58,996.0,2.07,9.191149954199998
413,5.79201466,,0:45:19,16.0,0.76,4.4019311416
414,5.6262526400000015,,0:34:43,8.0,0.58,3.263226531200001
415,4.747553,,0:13:57,4.0,0.23,1.0919371900000001
416,5.27702586,,0:36:16,58.0,0.6,3.166215516
417,4.980907299999999,151.7,1:05:06,20.0,1.08,5.379379884
418,4.62041514,,0:41:06,58.0,0.69,3.1880864466
419,4.3130312,,0:48:52,24.4,0.81,3.4935552720000005
420,3.39248872,,0:12:09,2.8,0.2,0.678497744
421,5.31243134,,0:41:51,14.0,0.7,3.7187019379999997
422,3.2830536,,0:47:47,400.0,0.8,2.6264428800000004
423,2.73104998,,1:07:36,300.0,1.13,3.0860864773999994
424,4.391888859999999,,0:40:58,65.0,0.68,2.9864844247999995
425,4.28406308,,0:37:05,202.0,0.62,2.6561191096
426,3.4520343,,0:13:47,107.0,0.23,0.793967889
427,3.58560952,,0:48:10,344.0,0.8,2.8684876160000004
428,5.60533122,,0:43:56,4.0,0.73,4.0918917906
429,5.5119894999999985,,0:45:49,119.0,0.76,4.189112019999999
430,5.9964008400000015,,0:45:38,5.0,0.76,4.557264638400001
431,4.556041540000002,,1:00:20,28.0,1.01,4.601601955400001
432,4.86181614,,0:25:46,5.0,0.43,2.0905809402
433,5.37197692,,0:27:18,3.0,0.46,2.4711093832
434,5.74212512,,0:39:18,14.0,0.66,3.7898025792000003
435,5.07103034,,0:34:48,9.0,0.58,2.9411975972
436,5.50877082,,0:36:46,7.0,0.61,3.3603502001999996
437,3.47456506,,0:58:47,249.0,0.98,3.4050737588
438,2.63770826,,0:45:32,183.0,0.76,2.0046582776
439,5.5522230000000015,,0:27:12,24.0,0.45,2.498500350000001
440,5.36393022,,0:28:00,0.0,0.47,2.5210472034
441,4.9889540000000006,,0:28:21,15.7,0.47,2.34480838
442,5.23518302,,0:29:16,25.0,0.49,2.5652396798
443,4.985735320000002,,1:00:37,84.4,1.01,5.035592673200002
444,4.87147218,87.3,0:22:09,21.0,0.37,1.8024447065999998
445,5.36393022,,0:37:00,0.0,0.62,3.3256367364000003
446,5.08873308,,0:37:31,20.0,0.63,3.2059018404
447,5.37841428,,0:54:53,86.0,0.91,4.894356994800001
448,4.578572299999999,,0:32:14,6.0,0.54,2.472429042
449,5.20460556,,0:39:32,28.0,0.66,3.4350396696
450,5.35427418,,0:41:18,51.0,0.69,3.6944491842
451,4.98412598,,0:52:38,227.0,0.88,4.3860308624
452,5.268979159999999,,0:33:16,43.0,0.55,2.8979385379999996
453,5.42669448,,0:40:22,36.0,0.67,3.6358853016
454,5.53130158,,0:53:25,87.0,0.89,4.9228584062000005
455,5.11448252,,0:40:11,50.0,0.67,3.4267032884
456,5.08068638,,0:40:18,69.0,0.67,3.4040598746000006
457,5.3494461599999985,,0:33:21,21.0,0.56,2.9956898495999993
458,4.892393599999999,,0:27:24,176.0,0.46,2.2505010559999996
459,5.30116596,,0:43:53,56.0,0.73,3.8698511507999998
460,5.1820748000000005,,0:55:32,87.0,0.93,4.819329564000001
461,4.2615323200000015,124.0,0:28:18,38.0,0.47,2.0029201904000007
462,5.19977754,,0:52:23,76.0,0.87,4.5238064598
463,5.24805774,,0:43:19,37.0,0.72,3.7786015728
464,5.34783682,,0:43:15,61.0,0.72,3.8504425104
465,5.1386226200000005,,0:28:43,115.0,0.48,2.4665388576000002
466,5.33335276,153.8,0:31:01,28.0,0.52,2.7733434352
467,5.45888128,,0:44:28,51.0,0.74,4.0395721472
468,5.23196434,,0:25:46,14.0,0.43,2.2497446662000002
469,5.25288576,,0:30:00,24.0,0.5,2.62644288
470,5.2544951,,0:36:02,44.0,0.6,3.15269706
471,5.233573679999999,,0:32:14,61.0,0.54,2.8261297871999997
472,5.14505998,,0:31:17,32.0,0.52,2.6754311896000003
473,5.16920008,,0:35:01,40.0,0.58,2.9981360464
474,5.14023196,,0:25:58,22.0,0.43,2.2102997428
475,4.95515786,,0:29:00,26.0,0.48,2.3784757728
476,4.496495959999999,,0:27:15,102.0,0.45,2.0234231819999997
477,3.7578089,,0:22:16,146.0,0.37,1.3903892930000001
478,4.675132700000001,,0:31:46,90.0,0.53,2.4778203310000007
479,3.53411064,,0:35:40,70.0,0.59,2.0851252776
480,1.27620662,,0:13:08,0.0,0.22,0.2807654564
481,4.84733208,,0:31:33,28.0,0.53,2.5690860024
482,4.876300199999998,,0:28:34,27.0,0.48,2.340624095999999
483,3.31684974,,0:29:30,202.0,0.49,1.6252563726
484,5.07424902,,0:29:26,26.0,0.49,2.4863820197999997
485,4.506151999999998,,0:36:35,33.0,0.61,2.748752719999999
486,4.6767420400000015,,0:27:51,23.0,0.46,2.1513013384000006
487,4.5383388,,0:26:28,16.0,0.44,1.996869072
488,5.14345064,148.4,0:44:42,42.0,0.74,3.8061534736000002
489,1.20378632,,0:23:24,0.0,0.39,0.46947666480000005
490,2.60874014,,1:03:09,54.0,1.05,2.7391771470000004
491,3.0706207200000004,,1:30:43,332.0,1.51,4.636637287200001
492,2.3737765,,3:51:47,1007.0,3.86,9.16277729
493,4.713756859999998,,1:18:29,64.0,1.31,6.175021486599998
494,0.67109478,,0:30:00,0.0,0.5,0.33554739
495,4.4160289599999984,,0:45:39,15.0,0.76,3.356182009599999
496,4.91492436,,0:06:46,0.0,0.11,0.5406416796
497,4.803879900000001,,0:50:05,27.0,0.83,3.9872203170000007
498,8.04991868,,0:49:14,58.0,0.82,6.600933317599999
499,6.69324506,,0:17:07,12.0,0.29,1.9410410673999998
500,5.10482648,,0:03:17,10.0,0.05,0.255241324
501,5.621424620000001,,0:08:12,0.0,0.14,0.7869994468000002
502,7.66206774,,0:47:39,55.0,0.79,6.053033514600001
503,4.80066122,,0:40:32,28.0,0.68,3.2644496296000005
504,4.69444478,,1:03:52,85.0,1.06,4.976111466800001
505,4.65260194,,0:14:04,6.0,0.23,1.0700984462
506,4.387060840000001,,0:29:00,8.0,0.48,2.1057892032000005
507,4.14887852,,0:33:57,5.0,0.57,2.3648607564
508,4.5335107799999985,,0:38:59,108.0,0.65,2.946782006999999
509,3.89621214,,0:49:09,111.0,0.82,3.1948939547999995
510,5.48945874,151.2,0:49:19,43.0,0.82,4.5013561668
511,3.64193642,,0:38:18,157.0,0.64,2.3308393088
512,4.6043217400000005,,0:41:14,46.0,0.69,3.1769820006000002
513,4.68961676,,0:56:02,65.0,0.93,4.3613435868
514,4.82319198,,0:35:34,43.0,0.59,2.8456832681999997
515,7.50435242,,0:03:23,0.0,0.06,0.4502611452
516,8.822401880000003,,1:01:21,70.0,1.02,8.998849917600003
517,4.926189740000001,,0:47:36,69.0,0.79,3.8916898946000007
518,8.326725159999999,,0:43:32,80.0,0.73,6.078509366799999
519,4.184284,,0:37:06,8.0,0.62,2.59425608
520,0.78374858,,6:12:59,1170.0,6.22,4.8749161676
521,1.10078856,,6:28:18,1380.0,6.47,7.1221019832
522,4.6043217400000005,,1:09:46,126.0,1.16,5.3410132184000005
523,4.53672946,,1:04:21,246.0,1.07,4.8543005222
524,3.99277254,,0:47:33,155.0,0.79,3.1542903066
525,4.660648640000002,,0:56:35,73.0,0.94,4.381009721600001
526,5.11609186,,1:04:11,84.0,1.07,5.4742182902000005
527,3.0175125,,3:39:36,1379.6,3.66,11.04409575
528,3.93322696,,0:42:20,5.0,0.71,2.7925911415999995
529,3.97667914,,0:48:35,5.0,0.81,3.2211101034
530,7.937264879999999,,0:56:20,17.0,0.94,7.461028987199999
531,6.75439998,,1:11:29,19.0,1.19,8.037735976199999
532,6.4615000999999985,,0:08:25,2.0,0.14,0.9046100139999999
533,3.34903654,,0:56:14,195.0,0.94,3.1480943476
534,8.90286888,,1:00:59,71.0,1.02,9.0809262576
535,6.825210940000002,,0:06:17,1.0,0.1,0.6825210940000002
536,7.61378754,,0:04:05,1.0,0.07,0.5329651278
537,5.16920008,,0:42:26,57.0,0.71,3.6701320568
538,4.4739651999999985,,0:36:52,32.0,0.61,2.729118771999999
539,2.94187352,,0:39:21,123.0,0.66,1.9416365232000001
540,4.03300604,,0:34:42,42.0,0.58,2.3391435032
541,4.96964192,,0:27:52,8.0,0.46,2.2860352832
542,8.13682304,,1:06:19,60.0,1.11,9.0318735744
543,6.747962620000001,,0:10:45,27.0,0.18,1.2146332716000001
544,7.94853026,,0:32:11,14.0,0.54,4.2922063404
545,5.17241876,,0:32:56,12.0,0.55,2.8448303180000005
546,1.1040072399999998,,3:22:39,1101.0,3.38,3.7315444711999994
547,3.40697278,,0:00:58,0.0,0.02,0.0681394556
548,4.64777392,,0:40:45,149.0,0.68,3.1604862656
549,3.85758798,,0:39:24,11.0,0.66,2.5460080668000002
550,4.4884492599999986,,0:56:12,31.0,0.94,4.219142304399998
551,3.9267896,,0:40:07,78.0,0.67,2.630949032
552,5.4041637200000014,,0:06:26,5.0,0.11,0.5944580092000001
553,5.75499984,,0:05:53,6.0,0.1,0.575499984
554,5.41864778,,0:06:57,5.0,0.12,0.6502377335999999
555,2.8211730200000003,,0:51:00,125.0,0.85,2.3979970670000004
556,4.43695038,,0:52:48,160.0,0.88,3.9045163344
557,6.1058359599999985,,0:53:15,26.0,0.89,5.434194004399998
558,3.67090454,,0:47:40,81.0,0.79,2.9000145866
559,4.28406308,,0:35:52,8.0,0.6,2.570437848
560,2.2691694,,4:32:32,1395.0,4.54,10.302029076
561,8.368568,,0:44:30,38.0,0.74,6.1927403199999995
562,9.14266054,,0:56:52,63.0,0.95,8.685527512999998
563,4.090942279999998,,1:00:21,30.0,1.01,4.131851702799999
564,3.7787303200000006,,0:28:18,5.0,0.47,1.7760032504000003
565,2.8646252,,16:05:34,6630.0,16.09,46.091819468
566,3.38605136,,0:43:48,191.0,0.73,2.4718174928
567,3.15913442,,0:48:04,71.0,0.8,2.5273075360000004
568,4.625243159999999,,0:38:16,32.0,0.64,2.9601556223999994
569,5.42186646,,0:44:45,95.0,0.75,4.066399845
570,5.1820748000000005,,0:49:30,82.0,0.82,4.249301336
571,7.6781611399999985,,0:05:01,3.0,0.08,0.6142528911999999
572,7.96140498,,0:34:08,28.0,0.57,4.5380008385999995
573,7.80690834,,0:08:23,3.0,0.14,1.0929671676000001
574,4.09416096,,0:04:22,0.0,0.07,0.2865912672
575,5.6970636,162.4,0:22:50,14.0,0.38,2.164884168
576,4.699272799999999,129.3,0:13:43,1.0,0.23,1.0808327439999998
577,4.9326271,143.1,1:08:45,173.0,1.15,5.672521165
578,6.482421520000001,,0:02:27,1.0,0.04,0.25929686080000003
579,7.637927640000001,,0:09:54,12.0,0.17,1.2984476988000002
580,7.637927640000001,,0:09:54,12.0,0.17,1.2984476988000002
581,7.644365,,0:31:47,44.0,0.53,4.05151345
582,7.644365,,0:31:47,44.0,0.53,4.05151345
583,4.670304679999999,,0:13:23,29.0,0.22,1.0274670296
584,8.92700898,,0:34:29,35.0,0.57,5.088395118599999
585,5.4234758,,0:42:49,24.0,0.71,3.850667818
586,7.5719447,,1:54:41,99.0,1.91,14.462414377
587,5.17080942,,0:42:40,9.0,0.71,3.6712746882
588,2.80668896,,3:15:00,995.0,3.25,9.121739119999999
589,2.91129606,,3:08:00,1064.0,3.13,9.1123566678
590,3.6049216,,3:37:07,1636.0,3.62,13.049816192
591,4.763646400000001,,0:07:29,1.0,0.12,0.5716375680000001
592,2.68276978,,1:29:02,703.0,1.48,3.9704992744000003
593,4.2905004400000015,,0:02:38,2.0,0.04,0.17162001760000006
594,4.74111564,,0:32:32,27.0,0.54,2.5602024456000003
595,4.6912261,,0:45:55,72.0,0.77,3.612244097
596,4.1923307,,0:04:34,8.0,0.08,0.33538645600000005
597,5.0050474000000005,,0:27:19,199.0,0.46,2.3023218040000004
598,3.6371084000000002,,0:07:14,23.0,0.12,0.43645300800000003
599,0.91088644,,0:31:38,0.0,0.53,0.4827698132
600,4.63650854,,0:11:25,2.0,0.19,0.8809366226
601,5.40255438,,0:20:50,69.0,0.35,1.8908940329999997
602,4.43855972,,0:14:49,7.0,0.25,1.10963993
603,5.53130158,,0:15:16,55.0,0.25,1.382825395
604,4.3564833799999985,,0:09:30,16.0,0.16,0.6970373407999998
605,6.98614494,,0:06:51,4.0,0.11,0.7684759434
606,9.39210824,,0:55:39,84.0,0.93,8.734660663200001
607,5.47819336,,0:24:42,8.0,0.41,2.2460592775999997
608,7.351465120000001,,0:09:26,5.0,0.16,1.1762344192000003
609,3.862416,,0:03:20,2.0,0.06,0.23174496
610,4.50454266,,0:20:18,90.0,0.34,1.5315445044000002
611,4.968032579999999,,0:44:49,74.0,0.75,3.7260244349999994
612,6.89924058,,0:03:27,3.0,0.06,0.4139544348
613,4.4546531200000015,,0:21:31,0.0,0.36,1.6036751232000004
614,3.05130864,,0:31:57,209.0,0.53,1.6171935792
615,3.5453760200000004,,0:58:07,428.0,0.97,3.4390147394
616,3.19775858,,0:55:08,382.0,0.92,2.9419378936
617,3.29753766,,0:38:28,249.0,0.64,2.1104241024
618,4.01852198,,0:05:52,33.0,0.1,0.40185219800000005
619,5.48463072,,0:15:26,43.0,0.26,1.4260039872
620,4.19072136,,0:06:36,0.0,0.11,0.46097934960000003
621,9.54821422,,0:56:06,45.0,0.94,8.9753213668
622,10.0744684,,0:48:48,63.0,0.81,8.160319404
623,4.13761314,,0:47:00,24.0,0.78,3.2273382492000002
624,5.49750544,,0:39:29,30.0,0.66,3.6283535904
625,5.30438464,134.5,0:26:12,183.0,0.44,2.3339292416000004
626,4.56730692,128.9,0:09:20,6.0,0.16,0.7307691072
627,5.45888128,150.3,0:50:12,75.0,0.84,4.5854602752
628,5.16437206,,1:23:05,253.0,1.38,7.126833442799999
629,3.64998312,,0:56:02,478.0,0.93,3.3944843016
630,3.90747752,,0:26:20,465.0,0.44,1.7192901088
631,3.77551164,,0:56:45,464.0,0.95,3.5867360579999996
632,4.90365898,,0:44:55,41.0,0.75,3.6777442350000005
633,3.36191126,,1:11:33,177.0,1.19,4.000674399399999
634,8.15774446,,0:15:17,19.0,0.25,2.039436115
635,8.48283114,,0:15:56,14.0,0.27,2.2903644078000003
636,5.28024454,141.9,0:42:40,32.0,0.71,3.7489736234
637,2.7600181,,1:13:43,677.0,1.23,3.394822263
638,3.08832346,,0:29:14,444.0,0.49,1.5132784953999998
639,1.26172256,,1:25:00,0.0,1.42,1.7916460351999999
640,2.16134362,,3:25:12,1607.0,3.42,7.391795180399999
641,3.83505722,,2:14:25,1064.0,2.24,8.590528172800001
642,5.25610444,,1:05:24,77.0,1.09,5.7291538396
643,4.06036482,,0:50:52,98.0,0.85,3.451310097
644,4.6509926,144.8,0:39:45,17.0,0.66,3.0696551160000003
645,7.86323524,,0:16:57,26.0,0.28,2.2017058672000003
646,5.88374704,,0:34:12,1.0,0.57,3.3537358127999997
647,8.389489419999999,,0:16:00,17.0,0.27,2.2651621433999996
648,4.18750268,,0:33:24,164.0,0.56,2.3450015008
649,5.639127359999999,,0:48:06,13.0,0.8,4.511301887999999
650,9.07828694,,1:05:00,0.0,1.08,9.804549895200001
651,4.8843469000000015,,1:07:00,200.0,1.12,5.470468528000002
652,4.90365898,,1:07:04,198.0,1.12,5.492098057600001
653,4.08933294,,0:13:12,36.0,0.22,0.8996532468
654,8.80791782,,1:07:00,0.0,1.12,9.864867958400001
655,9.32129728,,1:02:51,77.0,1.05,9.787362144
656,4.85055076,127.4,0:45:46,38.0,0.76,3.6864185776
657,9.5111994,,0:22:38,13.0,0.38,3.6142557720000004
658,9.86203552,,0:22:18,11.0,0.37,3.6489531423999995
659,9.54177686,,0:23:53,15.0,0.4,3.8167107440000003
660,5.11448252,,0:31:01,205.0,0.52,2.6595309104
661,9.45165382,,0:23:33,17.0,0.39,3.6861449898000003
662,3.67251388,,2:00:30,700.0,2.01,7.381752898799999
663,4.09737964,,0:40:28,203.0,0.67,2.7452443588
664,4.52868276,,0:48:00,18.0,0.8,3.622946208
665,7.88898468,,0:14:04,11.0,0.23,1.8144664764
666,8.97367984,,0:25:39,13.0,0.43,3.8586823312000003
667,8.001638479999999,,0:50:38,5.0,0.84,6.721376323199999
668,5.38646098,141.4,1:38:48,71.0,1.65,8.887660617
669,5.40577306,140.8,1:16:26,47.0,1.27,6.8653317862
670,9.8572075,,0:28:36,20.0,0.48,4.7314596
671,3.5083612000000004,,0:42:31,57.0,0.71,2.490936452
672,9.17967536,,0:24:24,13.0,0.41,3.7636668975999994
673,5.1177012,,0:28:15,18.0,0.47,2.405319564
674,5.11931054,,0:38:43,28.0,0.65,3.327551851
675,3.56951612,,0:07:48,9.0,0.13,0.4640370956
676,5.64717406,,0:18:17,25.0,0.3,1.694152218
677,4.4498251,,0:11:59,8.0,0.2,0.88996502
678,4.1762373,,0:10:29,41.0,0.17,0.7099603410000002
679,3.17522782,,0:49:02,276.0,0.82,2.6036868124
680,4.3774048,,0:11:50,30.0,0.2,0.87548096
681,3.56307876,,0:09:26,0.0,0.16,0.5700926016
682,5.470146659999998,,0:17:56,55.0,0.3,1.6410439979999996
683,4.41441962,,0:22:56,0.0,0.38,1.6774794556000001
684,3.7899957000000004,,0:38:10,172.0,0.64,2.4255972480000003
685,4.9728606,,1:25:19,83.0,1.42,7.0614620519999995
686,3.57434414,139.7,0:08:07,2.0,0.14,0.5004081796000001
687,5.78879598,168.3,0:42:11,240.0,0.7,4.052157186
688,5.00665674,134.9,0:11:14,5.0,0.19,0.9512647806000001
689,8.859416699999999,,0:14:07,7.0,0.24,2.1262600079999996
690,5.2142615999999995,,0:40:37,5.0,0.68,3.545697888
691,8.3605213,,0:24:48,21.0,0.41,3.427813733
692,9.37279616,,0:19:46,16.0,0.33,3.0930227328
693,3.71596606,,0:09:12,5.0,0.15,0.557394909
694,5.6761421799999985,,0:34:03,13.0,0.57,3.235401042599999
695,4.74433432,,0:12:06,6.0,0.2,0.9488668640000001
696,3.05935534,,0:14:10,45.0,0.24,0.7342452816
697,3.9348363,,0:33:07,29.0,0.55,2.164159965
698,9.08633364,,0:30:26,22.0,0.51,4.6340301564
699,9.01874136,,0:10:08,5.0,0.17,1.5331860312
700,0.0,,0:15:25,0.0,0.26,0.0
701,1.1104446000000001,,0:34:26,0.0,0.57,0.632953422
702,4.77330244,,1:37:44,91.0,1.63,7.7804829772
703,5.00182872,,0:35:33,2.0,0.59,2.9510789448
704,7.2726074600000015,,0:28:56,16.0,0.48,3.4908515808000007
705,8.88677548,,0:28:10,28.0,0.47,4.1767844756
706,4.7861771599999985,,0:47:27,159.0,0.79,3.781079956399999
707,8.2800543,,0:15:32,6.0,0.26,2.152814118
708,5.41703844,,0:23:02,1.0,0.38,2.0584746072
709,8.300975719999999,,0:13:43,10.0,0.23,1.9092244155999998
710,9.422685699999999,,0:23:22,11.0,0.39,3.6748474229999997
711,4.0474901,,1:23:06,97.0,1.39,5.626011238999999
712,5.19334018,,0:46:14,242.0,0.77,3.9988719386
713,3.9509296999999997,,0:01:26,0.0,0.02,0.079018594
714,2.67311374,,0:42:28,383.0,0.71,1.8979107553999996
715,2.54114786,,2:20:43,837.0,2.35,5.971697471000001
716,4.85055076,,0:29:50,7.0,0.5,2.42527538
717,8.31706912,,0:32:00,19.0,0.53,4.4080466336
718,2.76645546,,0:13:39,0.0,0.23,0.6362847558
719,9.30842256,,0:32:11,18.0,0.54,5.026548182400001
720,4.55765088,,1:59:56,253.0,2.0,9.11530176
721,4.747553,146.9,0:22:07,90.0,0.37,1.75659461
722,3.773902300000001,,0:11:40,57.0,0.19,0.7170414370000002
723,3.64032708,145.3,0:58:06,374.0,0.97,3.5311172676
724,3.78677702,,0:58:40,366.0,0.98,3.7110414796
725,3.18005584,,1:28:59,496.0,1.48,4.7064826432
726,3.68216992,,0:13:03,44.0,0.22,0.8100773824
727,3.59526556,,1:11:21,434.0,1.19,4.2783660164
728,4.230954859999999,,0:08:50,31.0,0.15,0.6346432289999998
729,3.21546132,,0:30:39,345.0,0.51,1.6398852732000002
730,3.9348363,,0:47:18,260.0,0.79,3.1085206770000005
731,4.4015449,,0:30:23,93.0,0.51,2.2447878990000003
732,0.965604,,0:40:57,0.0,0.68,0.6566107200000001
733,3.56951612,,0:46:04,10.0,0.77,2.7485274124
734,2.41722868,,0:15:21,3.0,0.26,0.6284794568000001
735,1.06860176,,0:51:27,0.0,0.86,0.9189975135999999
736,3.11729158,,0:50:33,40.0,0.84,2.6185249271999997
737,5.090342420000002,,0:03:31,1.0,0.06,0.30542054520000006
738,4.90204964,,0:19:07,11.0,0.32,1.5686558848
739,2.3383710200000003,,0:16:08,0.0,0.27,0.6313601754000001
740,0.95594796,,0:25:58,0.0,0.43,0.4110576228
741,4.09898898,,0:33:38,22.0,0.56,2.2954338288000002
742,2.70690988,,0:19:36,1.0,0.33,0.8932802604000001
743,1.11366328,,0:24:05,0.0,0.4,0.445465312
744,5.20299622,141.3,0:48:10,239.0,0.8,4.162396976
745,4.59788438,133.8,0:11:06,8.0,0.18,0.8276191883999999
746,1.00422816,,0:30:04,0.0,0.5,0.50211408
747,1.92155196,,0:38:36,7.0,0.64,1.2297932544
748,3.11729158,137.6,0:39:47,206.0,0.66,2.0574124428
749,0.93502654,,0:26:32,0.0,0.44,0.41141167759999997
750,2.07282992,,0:10:16,1.0,0.17,0.35238108640000004
751,1.07986714,,0:42:52,0.0,0.71,0.7667056694
752,4.670304679999999,139.3,0:24:08,20.0,0.4,1.8681218719999997
753,0.89640238,,0:29:56,0.0,0.5,0.44820119
754,4.111863700000002,140.6,0:36:18,120.0,0.6,2.467118220000001
755,3.94127366,,0:52:16,100.0,0.87,3.4289080841999997
756,1.57393452,,0:07:32,0.0,0.13,0.2046114876
757,4.9905633400000005,,0:32:33,16.0,0.54,2.6949042036000006
758,3.30397502,,0:23:47,18.0,0.4,1.3215900080000003
759,4.43534104,140.5,0:34:03,32.0,0.57,2.5281443928
760,3.7256221,,0:43:20,41.0,0.72,2.6824479119999998
761,3.6853886,,0:06:40,6.0,0.11,0.405392746
762,4.57696296,,0:40:47,100.0,0.68,3.1123348128000003
763,4.6220244799999985,,0:33:54,92.0,0.57,2.634553953599999
764,4.578572299999999,,0:26:30,65.0,0.44,2.014571812
765,4.71053818,,0:23:25,9.0,0.39,1.8371098902000003
766,3.6757325600000006,,1:22:06,166.0,1.37,5.035753607200001
767,3.68216992,,1:47:22,162.0,1.79,6.591084156800001
768,4.789395840000001,,0:01:38,0.0,0.03,0.14368187520000003
769,1.13619404,,0:18:18,0.0,0.3,0.34085821199999994
770,1.3920791000000001,,1:53:02,295.0,1.88,2.617108708
771,1.7236031399999998,,1:30:23,322.0,1.51,2.6026407413999997
772,1.87005308,,2:10:39,679.0,2.18,4.0767157144
773,1.63026142,,2:15:03,757.0,2.25,3.668088195
774,8.26878892,,0:24:55,19.0,0.42,3.4728913464
775,4.75399036,,0:04:06,6.0,0.07,0.3327793252000001
776,9.15553526,,0:29:04,18.0,0.48,4.3946569248000005
777,4.7266315799999985,149.5,0:36:40,51.0,0.61,2.8832452637999992
778,4.89883096,131.6,0:13:56,8.0,0.23,1.1267311208
779,3.5244546000000003,,0:37:53,442.0,0.63,2.220406398
780,2.71817526,,2:32:25,816.0,2.54,6.904165160400001
781,5.24322972,,0:49:50,52.0,0.83,4.351880667600001
782,3.78677702,,0:48:39,253.0,0.81,3.0672893862
783,4.2406109,,0:56:58,108.0,0.95,4.028580355
784,1.80085146,,0:12:24,1.0,0.21,0.37817880660000003
785,5.26576048,,0:55:01,47.0,0.92,4.844499641600001
786,4.94550182,,1:07:20,310.0,1.12,5.5389620384
787,4.07484888,,0:17:51,27.0,0.3,1.222454664
788,5.18529348,,0:18:15,11.0,0.3,1.555588044
789,8.655030519999999,,1:29:01,78.0,1.48,12.809445169599998
790,8.57617286,,0:34:59,25.0,0.58,4.9741802588
791,3.12855696,,0:16:40,6.0,0.28,0.8759959488000001
792,8.34603724,,0:44:29,16.0,0.74,6.1760675576
793,5.18529348,,0:18:13,15.0,0.3,1.555588044
794,4.660648640000002,,0:08:43,0.0,0.15,0.6990972960000003
795,4.8569881200000005,,0:51:16,36.0,0.85,4.128439902
796,5.28024454,,0:25:53,37.0,0.43,2.2705051522
797,4.76686508,,0:54:23,76.0,0.91,4.3378472228
798,4.89561228,,0:04:36,2.0,0.08,0.3916489824
799,6.3102221400000005,,0:21:19,42.0,0.36,2.2716799704
800,4.68961676,,0:20:22,21.0,0.34,1.5944696984
801,3.35064588,,0:45:17,179.0,0.75,2.51298441
802,1.36472032,,2:33:04,710.0,2.55,3.4800368159999997
803,4.08289558,111.6,0:35:32,219.0,0.59,2.4089083922
804,7.6636770799999985,,0:30:19,22.0,0.51,3.908475310799999
805,3.88011874,,0:16:01,0.0,0.27,1.0476320598
806,8.5455954,,0:34:56,14.0,0.58,4.9564453319999995
807,4.74594366,131.1,0:29:46,53.0,0.5,2.37297183
808,5.32208738,142.3,1:01:49,81.0,1.03,5.4817500014
809,7.818173720000001,,0:39:14,19.0,0.65,5.081812918000001
810,2.30618422,,0:27:04,0.0,0.45,1.037782899
811,8.52789266,,0:36:20,15.0,0.61,5.202014522599999
812,4.2180801400000005,,0:27:26,87.0,0.46,1.9403168644000004
813,5.05171826,,0:31:14,31.0,0.52,2.6268934952000005
814,3.57917216,,15:11:31,7090.2,15.19,54.3676251104
815,8.54398606,,0:36:00,17.0,0.6,5.126391636
816,9.35509342,,0:25:54,18.0,0.43,4.0226901706
817,5.128966579999998,,0:36:47,25.0,0.61,3.1286696137999987
818,5.15149734,,0:43:39,33.0,0.73,3.7605930581999996
819,0.0,,1:00:00,0.0,1.0,0.0
820,0.0,,1:15:00,0.0,1.25,0.0
821,5.3912889999999996,149.3,1:04:18,50.0,1.07,5.76867923
822,9.31968794,,0:48:57,30.0,0.82,7.6421441107999994
823,4.59627504,130.9,0:42:33,32.0,0.71,3.2633552783999997
824,0.0,,1:15:00,0.0,1.25,0.0
825,8.90447822,,0:27:49,19.0,0.46,4.0960599812
826,8.972070500000003,,0:28:13,13.0,0.47,4.216873135000001
827,8.53433002,,0:35:59,25.0,0.6,5.120598012
828,2.9660136200000005,,0:24:13,1.0,0.4,1.1864054480000001
829,8.98655456,,0:34:25,19.0,0.57,5.1223360992
830,0.0,,1:30:00,0.0,1.5,0.0
831,4.72824092,,0:34:33,20.0,0.58,2.7423797336
832,4.81031726,,0:46:04,32.0,0.77,3.7039442902
833,4.82962934,136.5,0:47:47,29.0,0.8,3.8637034720000005
834,5.188512159999998,,0:27:29,5.0,0.46,2.3867155935999995
835,3.20580528,166.5,0:31:20,502.0,0.52,1.6670187456
836,4.6912261,118.3,0:06:52,22.0,0.11,0.516034871
837,3.76263692,,0:21:18,476.0,0.35,1.3169229219999998
838,5.07103034,,0:06:13,11.0,0.1,0.507103034
839,4.17945598,,0:18:08,261.0,0.3,1.253836794
840,3.75459022,,0:01:22,3.0,0.02,0.0750918044
841,3.40214476,135.5,0:02:31,0.0,0.04,0.13608579040000002
842,3.53571998,170.1,0:14:48,247.0,0.25,0.883929995
843,4.9406738,118.3,0:10:02,0.0,0.17,0.839914546
844,4.66225798,,0:52:12,141.0,0.87,4.0561644426
845,1.37276702,,1:19:59,0.0,1.33,1.8257801366
846,7.671723779999999,,1:08:32,107.0,1.14,8.745765109199999
847,8.37339602,,1:25:33,92.0,1.43,11.973956308599998
848,4.4546531200000015,,0:03:56,19.0,0.07,0.3118257184000001
849,8.36534932,,1:00:05,145.0,1.0,8.36534932
850,5.25932312,,0:26:29,40.0,0.44,2.3141021728
851,8.81596452,,0:05:23,2.0,0.09,0.7934368068
852,4.20520542,152.4,2:48:54,90.0,2.81,11.816627230200002
853,5.32047804,140.8,1:07:16,48.0,1.12,5.958935404800001
854,8.368568,92.9,0:31:49,17.0,0.53,4.43534104
855,2.22410788,135.9,0:41:46,0.0,0.7,1.5568755159999998
856,4.51258936,123.2,0:11:56,0.0,0.2,0.902517872
857,8.47478444,140.4,0:35:07,29.0,0.59,5.0001228196000005
858,8.1834939,,2:43:15,100.0,2.72,22.259103408
859,1.13297536,132.4,0:47:13,0.0,0.79,0.8950505344000002
860,4.66547666,128.1,0:13:29,29.0,0.22,1.0264048652000002
861,9.89422232,139.2,0:29:03,18.0,0.48,4.749226713600001
862,6.91855266,,1:16:58,57.0,1.28,8.855747404799999
863,3.36191126,,0:01:19,5.0,0.02,0.0672382252
864,4.04588076,,0:48:59,39.0,0.82,3.3176222232
865,4.6268525,129.6,0:07:58,6.0,0.13,0.6014908250000001
866,5.70350096,171.7,0:36:59,27.0,0.62,3.5361705952
867,4.922971059999999,128.6,0:10:54,6.0,0.18,0.8861347907999998
868,5.08712374,,0:34:26,106.0,0.57,2.8996605318
869,5.40577306,,0:39:59,112.0,0.67,3.6218679502
870,4.803879900000001,,0:54:56,143.0,0.92,4.419569508000001
871,4.317859220000001,,0:07:32,49.0,0.13,0.5613216986000001
872,4.75720904,,0:02:21,0.0,0.04,0.1902883616
873,3.52123592,,0:00:42,0.0,0.01,0.0352123592
874,3.0738394,,0:37:11,139.0,0.62,1.9057804280000001
875,1.11366328,,0:18:40,0.0,0.31,0.3452356168
876,4.56408824,,0:19:34,3.0,0.33,1.5061491192
877,4.565697579999998,,0:23:31,23.0,0.39,1.7806220561999995
878,4.7395063,,0:11:15,4.0,0.19,0.9005061970000001
879,5.73407842,,1:04:05,53.0,1.07,6.1354639094
880,4.8521601,,0:15:07,13.0,0.25,1.213040025
881,4.82319198,,0:29:29,6.0,0.49,2.3633640702
882,3.64354576,,0:32:55,130.0,0.55,2.0039501680000003
883,3.52123592,,0:39:27,152.0,0.66,2.3240157072
884,4.77813046,,0:07:39,11.0,0.13,0.6211569598
885,5.23518302,,0:51:52,36.0,0.86,4.5022573972
886,5.38646098,,0:20:46,10.0,0.35,1.8852613429999998
887,6.80589886,,0:07:44,1.0,0.13,0.8847668518
888,9.9537679,,0:22:31,18.0,0.38,3.7824318020000005
889,3.9106962,,0:42:22,147.0,0.71,2.776594302
890,4.2068147599999985,,0:13:47,28.0,0.23,0.9675673947999998
891,3.45525298,,1:16:57,295.0,1.28,4.4227238144
892,4.34843668,,0:07:44,8.0,0.13,0.5652967684
893,8.19636862,,0:22:44,14.0,0.38,3.1146200756
894,10.16137276,,0:30:27,17.0,0.51,5.182300107600001
895,4.47557454,109.7,0:04:33,2.0,0.08,0.35804596320000004
896,3.8704627,133.1,0:31:43,342.0,0.53,2.051345231
897,5.17241876,127.0,0:06:11,7.0,0.1,0.517241876
898,3.42306618,120.3,0:13:17,234.0,0.22,0.7530745596
899,5.4073824,,0:21:23,47.0,0.36,1.946657664
900,4.76847442,124.0,0:01:55,0.0,0.03,0.1430542326
901,3.04648062,114.5,0:08:32,0.0,0.14,0.42650728680000005
902,3.10924488,165.2,0:30:19,437.0,0.51,1.5857148887999999
903,3.28949096,,0:55:03,211.0,0.92,3.0263316832000005
904,9.29071982,131.5,0:24:40,16.0,0.41,3.8091951261999997
905,4.9632045599999985,148.6,0:36:31,171.0,0.61,3.0275547815999992
906,9.61258782,119.2,0:22:29,12.0,0.37,3.5566574934
907,3.54376668,117.6,0:53:38,60.0,0.89,3.1539523452
908,5.840294859999998,149.3,1:11:33,53.0,1.19,6.949950883399998
909,7.2001871600000005,,0:23:59,6.0,0.4,2.8800748640000005
910,9.59005706,,1:20:57,63.0,1.35,12.946577031
911,5.19334018,137.0,0:40:34,27.0,0.68,3.5314713224000003
912,5.93363658,90.0,0:23:50,0.0,0.4,2.373454632
913,1.68336964,123.3,1:14:12,22.0,1.24,2.0873783536
914,2.01650302,160.6,1:13:28,940.0,1.22,2.4601336844
915,4.39027952,153.9,0:10:09,87.0,0.17,0.7463475184
916,4.4997146400000005,112.8,0:24:55,2.0,0.42,1.8898801488
917,3.38122334,168.6,0:39:15,0.0,0.65,2.197795171
918,2.8855466200000004,104.0,0:08:42,34.0,0.14,0.40397652680000007
919,5.2721978400000005,,0:28:39,1.0,0.48,2.5306549632
920,3.74815286,,0:27:56,303.0,0.47,1.7616318441999999
921,3.1832745200000003,,0:55:41,306.0,0.93,2.9604453036000002
922,4.89883096,,0:09:13,11.0,0.15,0.7348246439999999
923,3.84149458,,0:46:23,202.0,0.77,2.9579508266
924,4.28567242,,0:08:09,10.0,0.14,0.5999941388000001
925,8.89482218,,1:59:04,68.0,1.98,17.6117479164
926,5.76626522,147.3,0:45:33,22.0,0.76,4.3823615672
927,5.04849958,127.6,0:40:15,32.0,0.67,3.3824947186
928,4.11669172,149.9,5:39:28,2120.0,5.66,23.300475135200003
929,5.51038016,142.3,0:45:17,27.0,0.75,4.13278512
930,5.12735724,143.0,1:08:29,42.0,1.14,5.8451872536
931,5.44439722,137.9,0:56:17,42.0,0.94,5.1177333867999995
932,2.25790402,,0:21:53,278.0,0.36,0.8128454471999998
933,5.6890169,,0:27:05,18.0,0.45,2.5600576050000003
934,2.3576831,,0:51:56,681.0,0.87,2.051184297
935,4.9648139,,0:07:15,7.0,0.12,0.595777668
936,3.810917120000001,,0:55:38,672.0,0.93,3.544152921600001
937,4.6670859999999985,,0:13:02,44.0,0.22,1.0267589199999996
938,2.82921972,,1:15:02,610.0,1.25,3.5365246500000005
939,5.6729235000000005,150.1,1:13:25,47.0,1.22,6.92096667
940,5.00182872,130.0,0:43:37,31.0,0.73,3.6513349656
941,5.5844097999999995,148.1,1:10:30,35.0,1.18,6.589603563999999
942,5.42186646,150.7,1:27:49,55.0,1.46,7.9159250316000005
943,4.65421128,136.8,0:57:24,141.0,0.96,4.4680428288
944,8.44259764,,0:25:47,11.0,0.43,3.6303169852000003
945,5.28185388,144.5,0:49:51,36.0,0.83,4.3839387204
946,6.56127918,,0:15:30,5.0,0.26,1.7059325868
947,4.9245804,135.4,0:16:55,17.0,0.28,1.3788825120000001
948,6.2200991000000005,162.3,0:15:04,5.0,0.25,1.5550247750000001
949,4.9326271,126.2,0:17:54,9.0,0.3,1.47978813
950,5.28346322,141.5,1:05:40,46.0,1.09,5.7589749098
951,7.3466371000000015,,0:12:24,5.0,0.21,1.5427937910000002
952,8.41845754,,0:31:32,20.0,0.53,4.461782496200001
953,7.4206667400000015,,0:15:33,8.0,0.26,1.9293733524000005
954,3.4423782600000004,133.3,0:57:30,341.0,0.96,3.3046831296000003
955,3.85597864,,0:17:45,60.0,0.3,1.1567935919999999
956,4.288891099999999,128.6,0:43:06,84.0,0.72,3.088001591999999
957,3.8060891,122.0,0:44:00,124.0,0.73,2.778445043
958,3.6371084000000002,,0:18:41,63.0,0.31,1.1275036040000002
959,1.46932742,,7:00:00,0.0,7.0,10.28529194
960,3.90425884,,0:17:14,64.0,0.29,1.1322350635999998
961,4.31464054,,0:32:45,44.0,0.55,2.373052297
962,3.35869258,,1:08:37,279.0,1.14,3.8289095412
963,3.64193642,,0:18:37,63.0,0.31,1.1290002902
964,3.47778374,121.9,1:46:06,560.0,1.77,6.1556772198
965,3.33455248,,0:06:12,0.0,0.1,0.33345524800000004
966,3.6210150000000003,,0:18:48,62.0,0.31,1.12251465
967,4.76042772,112.0,0:36:17,110.0,0.6,2.856256632
968,4.47235586,128.6,0:37:50,96.0,0.63,2.8175841918000004
969,3.80126108,,0:07:35,18.0,0.13,0.49416394040000006
970,2.56206928,,0:14:16,21.0,0.24,0.6148966271999999
971,5.98352612,,0:01:47,2.0,0.03,0.17950578359999997
972,3.23155472,,0:30:50,59.0,0.51,1.6480929072000001
973,3.5598600799999995,111.5,0:19:09,57.0,0.32,1.1391552256
974,5.21587094,,0:12:11,48.0,0.2,1.043174188
975,1.58680924,,4:30:22,1117.2,4.51,7.1565096723999995
976,3.59365622,117.0,0:19:04,61.0,0.32,1.1499699904
977,1.96017612,,1:49:44,367.0,1.83,3.5871222996000003
978,3.72723144,,1:00:05,146.0,1.0,3.72723144
979,3.2911002999999996,,0:15:19,33.0,0.26,0.855686078
980,2.93060814,,1:28:58,634.2,1.48,4.337300047199999
981,8.244648819999998,,1:42:09,68.0,1.7,14.015902993999998
982,7.003847680000002,,0:20:09,12.0,0.34,2.381308211200001
983,4.68639808,120.7,0:15:54,16.0,0.27,1.2653274816000002
984,5.00343806,144.7,0:23:28,31.8,0.39,1.9513408434
985,0.1367939,110.0,0:16:51,0.0,0.28,0.038302292
986,4.76847442,122.0,0:18:20,5.0,0.31,1.4782270702000002
987,5.47658402,150.1,0:49:16,16.5,0.82,4.490798896399999
988,2.87589058,163.0,0:09:41,135.0,0.16,0.4601424928
989,1.0863045,114.6,0:13:11,114.0,0.22,0.23898699
990,3.15591574,118.1,0:16:19,31.0,0.27,0.8520972498000001
991,4.32429658,169.3,1:11:11,818.0,1.19,5.145912930200001
992,5.39611702,145.3,1:18:46,69.2,1.31,7.068913296200001
993,5.188512159999998,143.2,0:43:27,24.6,0.72,3.7357287551999985
994,4.27118836,,0:31:07,53.0,0.52,2.2210179472
995,4.4417784000000005,,0:03:20,0.0,0.06,0.26650670400000004
996,4.670304679999999,178.0,0:17:16,257.0,0.29,1.3543883571999997
997,5.12091988,136.3,0:43:37,24.6,0.73,3.7382715124
998,4.86181614,118.6,0:12:25,0.0,0.21,1.0209813894
999,1.49829554,102.0,0:22:50,158.0,0.38,0.5693523052
1000,2.93382682,,0:51:35,248.0,0.86,2.5230910652
1001,4.77491178,,0:37:21,14.0,0.62,2.9604453036
1002,3.52284526,,5:45:36,2775.1,5.76,20.291588697599998
1003,4.39993556,,0:26:13,111.0,0.44,1.9359716464
1004,0.0,,,0.0,,
1005,5.188512159999998,,0:50:05,14.7,0.83,4.306465092799998
1006,4.31464054,,2:03:56,707.7,2.07,8.9313059178
1007,3.72401276,,1:29:21,445.5,1.49,5.5487790124
1008,3.90104016,,0:14:57,74.0,0.25,0.97526004
1009,4.2341735400000005,,0:56:02,284.1,0.93,3.9377813922000007
1010,3.714356720000001,,0:18:26,72.2,0.31,1.1514505832000004
1011,5.74856248,155.4,0:39:08,14.5,0.65,3.736565612
1012,5.27380718,142.3,0:29:23,14.4,0.49,2.5841655182000003
1013,5.294728599999999,137.0,0:14:12,0.0,0.24,1.2707348639999998
1014,5.6005032,142.3,0:49:20,16.6,0.82,4.592412624
1015,5.88696572,,0:13:38,0.0,0.23,1.3540021156000002
1016,5.31404068,,0:58:50,15.1,0.98,5.2077598664
1017,4.995391359999998,,1:15:00,0.0,1.25,6.244239199999998
1018,0.56970636,,0:40:00,0.0,0.67,0.3817032612
1019,2.8082982999999997,,1:18:15,10.3,1.3,3.65078779
1020,5.74856248,,0:16:34,0.0,0.28,1.6095974944000002
1021,5.7212037,,1:07:05,68.9,1.12,6.407748144000001
1022,4.91814304,,0:55:59,14.6,0.93,4.5738730272
1023,3.52606394,,0:07:52,0.0,0.13,0.4583883122
1024,1.2971280399999998,,1:16:30,0.0,1.27,1.6473526107999998
1025,3.8463226,,0:21:31,0.0,0.36,1.384676136
1026,6.1557255,,0:15:53,0.0,0.26,1.60048863
1027,4.60110306,,0:19:26,0.0,0.32,1.4723529791999999
1028,4.87790954,131.3,0:48:31,14.7,0.81,3.9511067274000005
1029,5.54739498,140.3,0:45:22,16.5,0.76,4.2160201848
1030,4.59788438,,0:59:23,14.2,0.99,4.5519055362
1031,3.47939308,157.0,1:21:35,395.8,1.36,4.7319745888
1032,3.42467552,122.6,0:17:43,59.2,0.3,1.027402656
1033,3.2267267000000004,156.3,0:38:41,82.8,0.64,2.065105088
1034,2.5508039,121.1,0:08:06,64.9,0.14,0.35711254600000003
1035,2.68276978,,1:00:00,0.0,1.0,2.68276978
1036,4.65582062,130.4,0:11:36,36.2,0.19,0.8846059178
1037,3.20419594,141.1,1:45:26,349.1,1.76,5.6393848544
1038,3.36191126,,1:05:35,221.0,1.09,3.6644832734
1039,3.0867141200000003,,0:50:01,258.5,0.83,2.5619727196
1040,5.264151140000001,138.7,0:43:32,10.7,0.73,3.8428303322000006
1041,5.14345064,146.1,0:49:46,14.6,0.83,4.2690640312
1042,4.32590592,,1:20:38,698.9,1.34,5.7967139328
1043,4.07323954,,0:50:11,47.1,0.84,3.4215212136
1044,1.67693228,,4:00:00,0.0,4.0,6.70772912
1045,4.79905188,,1:00:42,294.1,1.01,4.8470423988
1046,1.46289006,,5:30:00,0.0,5.5,8.04589533
1047,5.07585836,,0:32:00,221.8,0.53,2.6902049308000002
1048,1.6881976600000002,,4:30:00,0.0,4.5,7.596889470000001
1049,5.92558988,,0:22:13,0.0,0.37,2.1924682556
1050,5.30760332,,0:06:44,0.0,0.11,0.5838363652
1051,5.26736982,,0:50:55,16.5,0.85,4.477264347
1052,5.236792359999999,140.8,0:17:37,0.0,0.29,1.5186697843999997
1053,4.6638673200000005,,0:33:09,13.7,0.55,2.5651270260000003
1054,5.5039428,,0:17:58,0.0,0.3,1.65118284
1055,0.9816974,,0:17:17,0.0,0.29,0.284692246
1056,9.12334846,,1:58:08,247.9,1.97,17.9729964662
1057,5.07424902,,0:35:31,55.2,0.59,2.9938069217999996
1058,0.0,,1:00:00,0.0,1.0,0.0
1059,5.10482648,,1:03:43,114.8,1.06,5.4111160688
1060,4.8312386799999985,,0:51:00,97.4,0.85,4.106552877999999
1061,9.21829952,,3:36:57,459.1,3.62,33.3702442624
1062,5.16115338,,0:44:26,0.0,0.74,3.8192535012
1063,5.20943358,,0:31:12,37.2,0.52,2.7089054616
1064,5.4540532599999985,,1:08:43,78.7,1.15,6.272161248999998
1065,5.099998459999999,,0:36:57,0.0,0.62,3.1619990451999995
1066,5.45727194,,1:22:14,68.5,1.37,7.476462557800001
1067,5.236792359999999,,0:43:15,14.7,0.72,3.7704904991999992
1068,4.29854714,,0:23:29,74.9,0.39,1.6764333846000001
1069,4.8569881200000005,,0:07:23,0.0,0.12,0.5828385744000001
1070,5.05815562,,0:15:32,0.0,0.26,1.3151204612
1071,3.6853886,,0:58:43,222.7,0.98,3.611680828
1072,2.4140099999999998,,0:11:13,37.7,0.19,0.45866189999999996
1073,5.24322972,146.4,0:40:39,14.6,0.68,3.5653962096000007
1074,4.264751,,1:00:58,28.9,1.02,4.350046020000001
1075,5.38163296,,0:53:09,26.3,0.89,4.7896533344000005
1076,6.70611978,,1:40:00,0.0,1.67,11.1992200326
1077,5.51038016,,0:45:58,0.0,0.77,4.2429927232
1078,6.7849774400000005,,2:50:00,0.0,2.83,19.2014861552
1079,4.43855972,,4:22:07,1956.9,4.37,19.3965059764
1080,4.19715872,,0:26:01,17.7,0.43,1.8047782496
1081,5.5119894999999985,147.6,0:33:26,14.1,0.56,3.0867141199999995
1082,6.93303672,185.9,0:25:09,10.1,0.42,2.9118754223999996
1083,4.73467828,168.5,0:12:24,0.0,0.21,0.9942824387999999
1084,5.1563253599999985,147.8,0:41:48,26.1,0.7,3.609427751999999
1085,5.1177012,,0:21:16,32.3,0.35,1.7911954199999998
1086,4.42407566,,0:31:27,106.8,0.52,2.3005193432
1087,3.8463226,,1:13:29,608.5,1.22,4.692513572
1088,5.10482648,,0:42:24,310.5,0.71,3.6244268008
1089,4.59627504,,0:59:46,180.5,1.0,4.59627504
1090,2.56206928,,2:01:40,716.2,2.03,5.201000638399999
1091,3.6773419,,0:34:56,59.3,0.58,2.132858302
1092,5.41060108,,1:18:19,71.1,1.31,7.087887414800001
1093,5.7356877599999985,157.3,0:46:20,26.1,0.77,4.416479575199999
1094,4.88756558,,0:30:03,298.6,0.5,2.44378279
1095,2.3576831,,0:07:35,92.4,0.13,0.30649880300000004
1096,4.09255162,,0:21:41,134.9,0.36,1.4733185832
1097,2.41722868,,0:14:38,129.6,0.24,0.5801348832
1098,5.1386226200000005,,0:47:41,427.1,0.79,4.059511869800001
1099,3.810917120000001,121.9,0:15:13,47.8,0.25,0.9527292800000002
1100,3.12372894,,0:58:50,262.0,0.98,3.0612543612
1101,5.60694056,147.9,1:17:29,70.7,1.29,7.2329533224
1102,5.63590868,,0:40:36,16.3,0.68,3.8324179024000005
1103,5.05171826,,1:51:09,47.6,1.85,9.345678781000002
1104,5.05010892,,0:51:11,31.3,0.85,4.292592581999999
1105,4.79100518,,0:53:54,14.6,0.9,4.311904662
1106,5.27380718,,1:49:37,92.8,1.83,9.6510671394
1107,4.3130312,,0:19:01,0.0,0.32,1.3801699840000001
1108,6.16216286,,0:40:45,0.0,0.68,4.1902707448
1109,5.16920008,,0:33:13,78.2,0.55,2.8430600440000005
1110,4.795833200000001,,0:49:57,73.9,0.83,3.9805415560000004
1111,5.14666932,,1:12:00,121.4,1.2,6.176003184
1112,5.17080942,,1:12:42,66.5,1.21,6.2566793982
1113,5.24966708,,1:19:23,78.5,1.32,6.9295605456
1114,4.74916234,,0:46:49,38.8,0.78,3.7043466252
1115,4.2035960800000005,,1:45:16,98.5,1.75,7.356293140000001
1116,3.85275996,,1:28:16,11.1,1.47,5.6635571412
1117,5.18529348,,0:56:22,25.9,0.94,4.8741758712
1118,5.92076186,,1:14:27,56.8,1.24,7.3417447064
1119,5.32530606,,0:55:20,14.7,0.92,4.8992815752
1120,4.4739651999999985,,10:18:55,6987.8,10.32,46.17132086399999
